name,language,n_mentions
str,stata,826
corrci,stata,667
grc1leg,stata,530
rifreg,stata,411
storedresults,stata,275
renvars,stata,259
sigstar,stata,259
arcpy,python,192
using,stata,189
log_pop,stata,174
ma_stars,python,140
post_CL_,stata,139
xfill,stata,132
pydynopt,python,132
<dynamic>,python,128
MQX,r,103
preliminaries,stata,97
testgood,stata,76
lincomestadd,stata,63
PolicyState,python,62
matrix_to_txt,stata,62
_dots,stata,60
csdid2,stata,58
lib2to3,python,58
ms_estadd_nobs_nschool,stata,50
s14_mature_CattleMi,stata,48
TestMechs,r,47
stat_N,stata,46
panelgroupcs,r,45
_crcslbl,stata,42
mlscience_choices,python,42
_assert,stata,42
calculate_optimal_radii,stata,42
ihs_total_articles,stata,41
set_path,python,39
foo,r,38
nocons,stata,38
ms_fe_add_6col,stata,37
binsreg,stata,36
_vassert,stata,36
lassoShooting,stata,36
save_data,stata,35
graph2tex,stata,35
JOBID,stata,33
makeZ,stata,33
matchData,stata,33
HIDEG,stata,32
matselrc,stata,30
ols_spatial_HAC,stata,30
_gm_edit,stata,30
AK,stata,30
print,stata,30
intermediates,python,30
model_solution,notebook,30
ms_esttab_pad_la_before_store,stata,29
_r_b,stata,29
div_yn,stata,28
tset,stata,28
sc_tot_cont,stata,28
i_salary_wage,stata,28
blindschemes,stata,27
gurobi,r,26
_eststo,stata,26
binscatter2,stata,26
__main__,python,26
rdmc,stata,26
MEAN_CORRECT,stata,26
is_foreign_invest,stata,26
is_other_cat1,stata,26
span,stata,25
ModelFramework,python,25
pstar,stata,25
Pitch_Call_Correct,stata,25
year,stata,24
reclink2,stata,24
s14_mature_OtherPoul,stata,24
rcall,stata,23
latc1,stata,23
guse,stata,22
_ctypes_test,python,22
sp_flag,stata,22
FEShR,r,21
DCdensity,stata,21
gr_setscheme,stata,21
makeIV_2state,stata,21
testbad,stata,21
rdhonest,stata,21
fzpizza,stata,21
photo,stata,21
ivregcomplier,stata,21
a_nlflj,stata,20
a_explf,stata,20
sequence_jacobian_files,python,20
V,stata,20
updateSuffix,stata,20
psparser,python,20
s14_mature_Sheep,stata,20
numbers,stata,20
polychoric,stata,19
gmatch,stata,19
legend,stata,19
wc_type,stata,18
axhga,stata,18
qgis,python,18
iso,stata,18
model_interface,notebook,18
xi3,stata,17
starpolishr,r,17
from,stata,17
ltable,stata,17
vtf,stata,17
python,python,17
a_uncov,stata,16
migsame,stata,16
mig_mtr1,stata,16
prerelg,stata,16
famrel,stata,16
rego,stata,16
se,stata,16
dynamic_model,python,16
proposal_clogit,stata,16
in,stata,15
_gm_log,stata,15
temp_config,python,15
rdbwselect_2014,stata,15
gsave,stata,15
e,stata,15
ss_model,python,15
set_parameters,python,15
synthdid,r,15
ar2,stata,15
kuvreplicationsuite,python,15
lkweeks,stata,14
wexp,stata,14
ptot_r,stata,14
ch_mc,stata,14
axind,stata,14
axhrlywk,stata,14
ljcw,stata,14
vet_typ1,stata,14
peabsrsn,stata,14
_dstpctile,stata,14
ms_estadd_pct_linear,stata,14
taxsim9,stata,14
plotcoeffs,stata,14
livestock_prod_qty_Manure,stata,14
i_lsum_a,stata,14
data_management,notebook,14
proposal_clogit_tables,stata,14
functions_sub,python,14
The,stata,13
fintval,stata,13
pdftypes,python,13
level_income,stata,13
Mcaid_schip,stata,13
lean_pp_rep,stata,13
writeln,stata,13
accept_logit,stata,13
a_rcow,stata,12
wageotr,stata,12
ppposold,stata,12
a_hrs1,stata,12
axwhyabs,stata,12
i_ernsrc,stata,12
i_wctyp,stata,12
a_vet,stata,12
sur_sc1,stata,12
scholyna,stata,12
makeEB,stata,12
exactt,r,12
post_CL_classif,stata,12
StringIO,python,12
d_white,stata,12
ri_ci,stata,12
iv_spatial_HAC,stata,12
XeeX,stata,12
SPEC_DETAILS,stata,12
firm_problems,notebook,12
cupid_utils,python,12
accept_logit_tables,stata,12
nogaps,stata,11
balanceHD,r,11
Joint,stata,11
simulation_KS,python,11
ms_esttab_pad_cleanup,stata,11
ms_estadd_pct_ppml,stata,11
cmmprobit,stata,11
variable_constructors,python,11
nogen,stata,11
analyses_helper_functions,notebook,11
hh_sav,stata,11
zscore,stata,11
cStringIO,python,11
func_est_smpl,python,11
hnumfam,stata,10
h_telavl,stata,10
ret_sc1,stata,10
i_ssival,stata,10
a_whyabs,stata,10
sur_yn,stata,10
marg_tax,stata,10
phf_seq,stata,10
a_payabs,stata,10
cov_hi,stata,10
wemind,stata,10
ssikidyn,stata,10
ms_estadd_pct_inset,stata,10
Y1,stata,10
X1,stata,10
e1,stata,10
n1,stata,10
window_t,stata,10
ivqte,stata,10
unicode_data,python,10
cPickle,python,10
nh4a1_11,stata,10
nh4a1_13,stata,10
nh4a1_14,stata,10
nh4a1_15,stata,10
nh4a1_16,stata,10
utility123456,r,10
Discrete_Choice_MLE_JAX,python,10
_reg_ols_proj,stata,10
race,stata,10
mdraws,stata,10
J_star_l_orig,stata,10
J_star_r_orig,stata,10
npff_county,stata,10
varlabels,stata,10
stat_CLUSTERS,stata,10
matplotlib_config,python,10
clenshaw_curtis_integ,python,10
groupreg,stata,10
out_of_LF,stata,10
srvs_val,stata,9
pid,stata,9
synth_runner,stata,9
ms_fe_add_3col,stata,9
window_i,stata,9
sgmediation2,stata,9
__init__,python,9
health_reform_opn,stata,9
influence,stata,9
minq,stata,9
nepsmiss,stata,9
leverage_Sim,stata,9
MEAN_DEPVAR,stata,9
sufficient_statistics_new,notebook,9
cupid_classes,python,9
soepkeep,stata,9
frail,stata,9
function_model_calibration_agg,python,9
comparison,python,9
stringcmp,python,9
vet_typ4,stata,8
a_uslhrs,stata,8
axpayabs,stata,8
i_hiout,stata,8
i_lkweek,stata,8
i_retva1,stata,8
othstyp2,stata,8
i_dissc1,stata,8
i_almval,stata,8
rsnnotw,stata,8
filestat,stata,8
a_famnum,stata,8
ahityp5,stata,8
a_wantjb,stata,8
mig_reg,stata,8
oth,stata,8
paw_mon,stata,8
ptweeks,stata,8
cmsrvyna,stata,8
paidccyn,stata,8
_2_region_prediction_fnc,python,8
Effect,stata,8
cpp11test,rmarkdown,8
moremata,stata,8
dyadclust,stata,8
x_ols,stata,8
pbalchk,stata,8
predictpartial2,stata,8
AW,stata,8
AE,stata,8
figname,stata,8
replaceDate,stata,8
nh4a1_10,stata,8
nh4a1_12,stata,8
hh_size,stata,8
years_CL_,stata,8
post_CL_shortterm,stata,8
post_CL_broad,stata,8
post_CL_DMA,stata,8
NPNAME1_,stata,8
pkgA,r,8
a,r,8
psacalc2,stata,8
scalar_utils,python,8
runtest,stata,8
mcci,stata,8
professional_title,stata,8
ass,stata,8
treated_b1950,stata,8
railtrack,stata,8
XeeXh,stata,8
clustersampsi,stata,8
collabels,stata,8
ml_full_exempt_cd,stata,8
i_etp_excess,stata,8
sufficient_statistics,notebook,8
class_definitions,python,8
treatmentcontrolwindows,stata,8
abovebelowbunch,stata,8
abovebelowfull,stata,8
nlcomestadd,stata,8
frail_hsd,stata,8
frail_hsgp,stata,8
frail_col,stata,8
frail_under45,stata,8
frail_over45,stata,8
aciccomp2016,r,7
precord,stata,7
nonote,stata,7
dropmiss,stata,7
counterfactuals_functions,python,7
ei_a,stata,7
nonotes,stata,7
footable,python,7
beep,stata,7
brokseq,stata,7
tabmiss,stata,7
Y,stata,7
X,stata,7
nwclear,stata,7
weakidri,stata,7
i,stata,7
post_CL_longterm,stata,7
bar,r,7
select_observations,stata,7
build_recode_template,stata,7
ebayes,stata,7
married,stata,7
livestock_prod_price_Manure,stata,7
capiq_id_professional,stata,7
drop_message,stata,7
SELECTION_HEAD,stata,7
LIMITED_FE,stata,7
LIMITED_SAMPLE,stata,7
CONTROLS_PITCHATTRB,stata,7
BS_REPS,stata,7
xcorr,stata,7
cupid_numpy_utils,python,7
OtherFunctions,python,7
STARTLAG,stata,7
graphlab,python,7
polychoricpca,stata,6
htop5pct,stata,6
axuslft,stata,6
axftabs,stata,6
a_reorgn,stata,6
a_wkstat,stata,6
axhrs,stata,6
dephi,stata,6
hilin2,stata,6
i_care,stata,6
i_disva1,stata,6
i_occup,stata,6
i_paid,stata,6
i_phmemp,stata,6
i_surva2,stata,6
nwlook,stata,6
otyp5,stata,6
peio1cow,stata,6
pilin1,stata,6
prwkstat,stata,6
pxmntvty,stata,6
semp_yn,stata,6
weclw,stata,6
workyn,stata,6
placdscp,stata,6
othstper,stata,6
i_mig1,stata,6
mig_st,stata,6
pyrsn,stata,6
ptyn,stata,6
weind,stata,6
ern_srce,stata,6
csp_yn,stata,6
penplan,stata,6
axsex,stata,6
axnlflj,stata,6
axspouse,stata,6
i_hrswk,stata,6
i_mon,stata,6
i_out,stata,6
i_pout,stata,6
i_rntval,stata,6
i_sursc2,stata,6
a_lfsr,stata,6
simulation_DavilaAS,python,6
simulation_Davila,python,6
simulation_JFV,python,6
std,rmarkdown,6
checksum,rmarkdown,6
Y_var,stata,6
lat_var,stata,6
lon_var,stata,6
dist_var,stata,6
dist_cutoff,stata,6
weight,stata,6
nwdrop,stata,6
define_covariates,stata,6
depvars,stata,6
matewmf,stata,6
nomics,notebook,6
starbility,r,6
AEqty,stata,6
combineStates,stata,6
nh4a1_07,stata,6
nh4a1_09,stata,6
nh4a1_17,stata,6
nh4a1_19,stata,6
nh4a1_20,stata,6
nh4c110,stata,6
gslab_scons,python,6
usespss,stata,6
log_pop_2000,stata,6
change_log_pop,stata,6
pkgB,r,6
lib_data_load,python,6
lib_models,python,6
blank_table,stata,6
uf,stata,6
UF,stata,6
v035,stata,6
livestock_prod_qty_Eggs,stata,6
xx,stata,6
OptStab,python,6
temp,stata,6
treat_microdata,python,6
check_omitted_events,stata,6
lndens_emp,stata,6
lndens1_constr,stata,6
mt_summer1,stata,6
borninstate,stata,6
occ0,stata,6
ATT_CONTROLS,stata,6
ATT_INTERACT,stata,6
ATT_SELECTION,stata,6
FE_GAME,stata,6
FE_UMPIRE,stata,6
FE_DATE,stata,6
FE_TEAM,stata,6
FE_MDY,stata,6
FE_H,stata,6
FE_PLAYER,stata,6
c_age_30_june,stata,6
i_etp_below_rbl,stata,6
sb_mem_bal,stata,6
ds_pers_super_cont,stata,6
mergemodels,stata,6
FunctionsPython,python,6
mle_rc,python,6
cvgrid_min,stata,6
clpam,stata,6
a_wkslk,stata,5
pxinusyr,stata,5
frm_val,stata,5
ed_val,stata,5
i_nxtres,stata,5
a,stata,5
ms_probit_robust,stata,5
ms_estadd_scalar_dot,stata,5
ms_estadd_pct_ht,stata,5
Each,stata,5
p,stata,5
X_var,stata,5
time_var,stata,5
panel_var,stata,5
lag_var,stata,5
lag_cutoff,stata,5
timeUnique,stata,5
Ntime,stata,5
rows_ti,stata,5
lat1,stata,5
lon1,stata,5
lon_scale,stata,5
lat_scale,stata,5
distance_i,stata,5
panelUnique,stata,5
Npanel,stata,5
rows_pi,stata,5
time1,stata,5
nwset,stata,5
github,stata,5
nogenerate,stata,5
_winreg,python,5
leaveOut,stata,5
links_to_unique,stata,5
positionHH_p,stata,5
inc_deplab_p,stata,5
table_search,python,5
labloadingplot,stata,5
fips,stata,5
pdffont,python,5
pdfcolor,python,5
regr,python,5
datazoom_pnad,stata,5
bid_central_intermed_cntrpty,stata,5
ConflictCost,notebook,5
lib_operations,python,5
dataProcessing,python,5
npesq,stata,5
v202,stata,5
n_p,stata,5
V2007,stata,5
v072,stata,5
v203,stata,5
migrant_survey,stata,5
livestock_prod_qty_Milk,stata,5
livestock_prod_qty_OtherMeat,stata,5
suffstat,python,5
firstrow,stata,5
tot_pop,stata,5
projection_factor,stata,5
output_methods,python,5
methods_data_processing,python,5
myfixes,python,5
augsynth,rmarkdown,5
RUNNING_LEV_1,stata,5
RUNNING_LEV_2,stata,5
t,stata,5
model_interface,python,5
model_parameters,python,5
multiply_100,stata,5
manager_tools,python,5
EstimParameters,python,5
reghdfe_absorb,stata,5
grn_plac,stata,4
a_ftreas,stata,4
vet_val,stata,4
ptrsn,stata,4
pilin2,stata,4
otyp4,stata,4
a_whenlj,stata,4
a_pfrel,stata,4
a_exprrp,stata,4
a_lineno,stata,4
hityp,stata,4
i_edtyp2,stata,4
i_losewk,stata,4
i_oival,stata,4
i_peninc,stata,4
sskidyna,stata,4
vet_typ3,stata,4
wemocg,stata,4
housret,stata,4
i_hunits,stata,4
i_ucyn,stata,4
i_discs,stata,4
i_cspval,stata,4
vet_typ2,stata,4
a_hga,stata,4
ahiper,stata,4
frmotr,stata,4
jcyn,stata,4
resnss2,stata,4
wicyna,stata,4
cap_loss,stata,4
emcontrb,stata,4
pothval,stata,4
wc_val,stata,4
penatvty,stata,4
a_anywk,stata,4
rabi_TOTmeandaysworked14,stata,4
fullyear_TOTmeandaysworked14,stata,4
rabi_AITCGPmeandaysworked14,stata,4
fullyear_AITCGPmeandaysworked14,stata,4
winner,stata,4
mainpartyAITC,stata,4
mainpartyCPIM,stata,4
mainpartyINC,stata,4
nbpmatching,python,4
stfill,stata,4
lpinfer,r,4
Year,stata,4
rddisttestk,stata,4
ms_fe_add_a7,stata,4
causalDML,r,4
openirt,stata,4
dups,r,4
weight_i,stata,4
sax12im,stata,4
def,stata,4
pct,stata,4
model,stata,4
Queue,python,4
urllib2,python,4
nameUniq,stata,4
ldagibbs,stata,4
sfi,python,4
nh4a1_06,stata,4
nh4a1_08,stata,4
nh4a1_6,stata,4
nh4a1_7,stata,4
nh4a1_8,stata,4
nh4a1_9,stata,4
spatgsa,stata,4
gen_output,python,4
age_2000,stata,4
income_2000,stata,4
unemployment_2000,stata,4
pct_college_2000,stata,4
pct_rental_2000,stata,4
share_urban_2000,stata,4
pres_turnout_2000,stata,4
path_names,python,4
test123,r,4
shasum,stata,4
Demand_Estimation_Utilities,python,4
_sha512,python,4
_xxsubinterpreters,python,4
rAMPL,r,4
gslab_make,python,4
h_i,stata,4
csdid_estat,stata,4
MWEM,python,4
QUADRO,stata,4
livestock_prod_price_Milk,stata,4
livestock_prod_price_Eggs,stata,4
livestock_prod_qty_HidesAnd,stata,4
s14_mature_Chicken,stata,4
insample,stata,4
This,stata,4
shiftshare,python,4
X_l,stata,4
Y_l,stata,4
ind_l,stata,4
np_county_year,stata,4
np_u,stata,4
tva,stata,4
q,stata,4
MV1_female,stata,4
losing_candidate_clean_cqq,stata,4
mixed_gender_election,stata,4
k_variables,stata,4
invXX,stata,4
XeeX_spatial,stata,4
XeeX_spatial_HAC,stata,4
WAZIM,stata,4
WAREA,stata,4
_cons,stata,4
model_estimation_methods,python,4
x,stata,4
nostar,stata,4
MEAN_PAST_LEV,stata,4
_stddiff,stata,4
pval_nostar,stata,4
abovebelowWBfull,stata,4
placebowindows1,stata,4
placebowindows2,stata,4
placebosamplecorr1,stata,4
placebosamplecorr2,stata,4
lookup,stata,4
dvt_new_pm,stata,4
cvt_within,stata,4
cvt_between_exp,stata,4
cvt_biny3,stata,4
gauss_quadrature,python,4
func_cost_stats,python,4
siml_std,python,4
knitroWrapper,python,4
GenerateID,stata,4
b_CCT,stata,4
X_IK_med_q2,stata,4
X_IK_med_q1,stata,4
con,stata,4
b_IK,stata,4
h_CV_min,stata,4
cvgrid_max,stata,4
cvgrid_length,stata,4
h_CV,stata,4
mat2tex,stata,4
bayes_bootstrap,python,4
addXvector,stata,4
genInteractions,stata,4
the,stata,3
pemntvty,stata,3
h_livqrt,stata,3
frntval,stata,3
noLOg,stata,3
_byoptnotallowed,stata,3
_post_vce_rank,stata,3
smooth,stata,3
nomtitles,stata,3
rabi_AITCGPmeandaysworked,stata,3
fullyear_AITCGPmeandaysworked,stata,3
multiple_factor,python,3
Controlling,stata,3
cleanplots,stata,3
model_2025,python,3
cpp11test,r,3
taxsim35,stata,3
acfest,stata,3
arcgisscripting,python,3
ZeeZ,stata,3
Z,stata,3
select_dates,python,3
nwgeodesic,stata,3
decision_dum,stata,3
schemepack,stata,3
_prefix_display,stata,3
get,stata,3
matcorr,stata,3
stargazer-booktabs,r,3
values,stata,3
noconstant,stata,3
md5,python,3
wprobimport,stata,3
stSerif,stata,3
bunch_count,stata,3
r2446900,stata,3
r6481200,stata,3
r2445200,stata,3
r6479100,stata,3
positionHH,stata,3
spatwmat,stata,3
share_black_2000,stata,3
share_hisp_2000,stata,3
FRD,r,3
lme4.0,r,3
scikits,python,3
win32con,python,3
_speedups,python,3
forach,stata,3
connected,stata,3
infdisauction,r,3
calculate_offers_function_library,python,3
bysmeanw,stata,3
simple_block,python,3
asymptotic,python,3
weakssivtest,stata,3
_nwimport_graphml,stata,3
labs,stata,3
num_help,python,3
MDP_knowledge,python,3
sum_XeeX,stata,3
binscatter3,stata,3
ggthemr,r,3
GSSU,stata,3
v206,stata,3
v236,stata,3
V2008,stata,3
V20081,stata,3
v204,stata,3
v214,stata,3
sumindex,stata,3
unitval,stata,3
quantprod_sukuma_goro,stata,3
livestock_prod_price_BeefCatt,stata,3
livestock_prod_price_SheepGoat,stata,3
livestock_prod_price_PoultryMe,stata,3
livestock_prod_price_OtherMeat,stata,3
rcall_check,stata,3
noheader,stata,3
notable,stata,3
colrspace,stata,3
OptStab,notebook,3
suffstat,notebook,3
shiftshare,notebook,3
fw_l,stata,3
tot_comp,stata,3
pfish,stata,3
charisma_dem,stata,3
rep_incumbent_cqq,stata,3
numb_cosponsors,stata,3
comc,stata,3
black,stata,3
cosp_mixed_gender_election,stata,3
cosp_borninstate,stata,3
homeowner,stata,3
WAZIM2,stata,3
sreshape,stata,3
gotesp,stata,3
cmdstanr,r,3
MCPanel,r,3
regression_helpers,python,3
Pitch_ax,stata,3
Pitch_start_speed,stata,3
ATTENDANCE,stata,3
marriedat28,stata,3
divorce_after5,stata,3
model_parameters,notebook,3
log_likelihood,python,3
fcmnl,python,3
read_inputs,python,3
soepdrop,stata,3
WhichHouse,stata,3
spec_af,stata,3
pyRVtest_020,python,3
dvt_between_cheapest,stata,3
dvt_between_mix,stata,3
remhtesp,stata,3
remhnocald,stata,3
remhaux,stata,3
remhcoms,stata,3
remoespsub,stata,3
remoncdsub,stata,3
remoauxsub,stata,3
remocomsub,stata,3
error_in,stata,3
frailgood,stata,3
frailpoor,stata,3
rebuild_git,stata,3
ind_r,stata,3
loadzillow,stata,3
T_l,stata,3
c_bw,stata,3
d_bw_l,stata,3
d_bw_r,stata,3
C_b_l,stata,3
C_b_r,stata,3
C_h_l,stata,3
C_h_r,stata,3
BootstrapReport,python,3
cmxtmixlogit,stata,3
dwave,python,3
Global,python,3
tab2docx,stata,2
a_spouse,stata,2
a_famtyp,stata,2
schl1,stata,2
a_mthd1,stata,2
a_whynl7,stata,2
peridnum,stata,2
wewkrs,stata,2
vet_yn,stata,2
resnssa,stata,2
penincl,stata,2
pchip,stata,2
int_yn,stata,2
i_wkchk,stata,2
a_dtocc,stata,2
i_ssiyn,stata,2
i_penpla,stata,2
i_oth,stata,2
i_edyn,stata,2
comsrvyn,stata,2
ahityp4,stata,2
a_dtind,stata,2
mwp_val,stata,2
state_income_tax_before_credits,stata,2
caid,stata,2
dis_sc2,stata,2
fl_665,stata,2
i_dishp,stata,2
i_hea,stata,2
i_hi,stata,2
i_retsc2,stata,2
i_ucval,stata,2
i_wkswk,stata,2
prdisc,stata,2
ret_yn,stata,2
a_ftlf,stata,2
m5g_reg,stata,2
dsab_val,stata,2
int_val,stata,2
ret_val2,stata,2
sur_val2,stata,2
gediv,stata,2
sur_sc2,stata,2
ahityp6,stata,2
axmaritl,stata,2
axvet,stata,2
mon,stata,2
othstyp1,stata,2
out,stata,2
peinusyr,stata,2
i_retsc1,stata,2
i_workyn,stata,2
prptrea,stata,2
a_mjind,stata,2
ahityp2,stata,2
i_oedval,stata,2
i_pawyn,stata,2
i_mcare,stata,2
i_ljcw,stata,2
i_divval,stata,2
i_disvl1,stata,2
i_survl1,stata,2
i_pawmo,stata,2
i_wcyn,stata,2
i_ernyn,stata,2
axanywk,stata,2
axage,stata,2
hielse5,stata,2
mcare,stata,2
rnt_yn,stata,2
dis_yn,stata,2
subuc,stata,2
noemp,stata,2
wkcheck,stata,2
a_mjocc,stata,2
a_intend,stata,2
a_whynl3,stata,2
a_mthd3,stata,2
age1,stata,2
a_sex,stata,2
vet_qva,stata,2
fedtax_bc,stata,2
pearnval,stata,2
semp_val,stata,2
dis_val2,stata,2
prswkxpns,stata,2
peafever,stata,2
nxtres,stata,2
i_ptwks,stata,2
ahityp1,stata,2
i_wcval,stata,2
i_ssval,stata,2
i_intyn,stata,2
dis_hp,stata,2
i_finval,stata,2
pehspnon,stata,2
i_disyn,stata,2
i_retva2,stata,2
resnssi1,stata,2
hhdrel,stata,2
i_wsval,stata,2
i_rsnnot,stata,2
a_unmem,stata,2
prpertyp,stata,2
paw_yn,stata,2
a_hscol,stata,2
prop_tax,stata,2
a_mthd7,stata,2
prityp,stata,2
curtyp_3,stata,2
treat_infoBCXwife_ticket,stata,2
bl_fertility_w,stata,2
bl_when_married_w_lt5,stata,2
bl_weaver_women_hh_m,stata,2
cs_trip_why,stata,2
cs_leave_hr,stata,2
pair_relation_Hindi,stata,2
strata_has_ticket,stata,2
womwommatch,stata,2
c036,stata,2
s031,stata,2
s017,stata,2
c071,stata,2
xelatex,notebook,2
taxi,stata,2
rabi_meandaysworked14,stata,2
fullyear_meandaysworked14,stata,2
fracAITC2011,stata,2
ncand,stata,2
candshare,stata,2
contested,stata,2
insamp,stata,2
aitcmajority,stata,2
rabi_AITCGPmeandaysworked15,stata,2
rabi_AITCGPmeandaysworked16,stata,2
fullyear_AITCGPmeandaysworked15,stata,2
fullyear_AITCGPmeandaysworked16,stata,2
mlu,stata,2
rdob_m,stata,2
driver_functions,python,2
tempfile_churnprod,stata,2
tempfile_churnmkt,stata,2
prepare_text,python,2
create_tables,python,2
logistic_regression,python,2
scraper_functions,python,2
Annual,stata,2
Measurement,stata,2
asser,stata,2
_merge,stata,2
verb_steinkoks,stata,2
verb_mineraloil,stata,2
generate_synthetic_data,python,2
model_2025_tariffs,python,2
stopme,stata,2
dtamkr,python,2
slartibartfast,rmarkdown,2
writable,rmarkdown,2
xavamess,r,2
mvtnormAPI,r,2
gWidgetsWWW2,r,2
sigma,rmarkdown,2
yags,r,2
cpuinfo,python,2
LHS,stata,2
ls,stata,2
block_bootstrap,python,2
seperate,stata,2
qualrec,stata,2
tabulation,stata,2
Z_var,stata,2
k,stata,2
Z1,stata,2
ZeeZh,stata,2
wdecision_dum,stata,2
adjustment,python,2
Start_Flag,stata,2
vce,stata,2
self_nonagri,stata,2
edcode_head,stata,2
spulse,stata,2
constr,stata,2
repeated,stata,2
college_dummy,stata,2
shareholder,stata,2
popu_2006_college,stata,2
newlocation,stata,2
neworg,stata,2
newown,stata,2
newopen,stata,2
NoF,stata,2
nic3digit,stata,2
nic08_4,stata,2
nic08,stata,2
firmID,stata,2
Inprcode,stata,2
dsl,stata,2
emult2,stata,2
schcode,stata,2
monthsOperation,stata,2
industryFrame5,stata,2
exportshare,stata,2
wkgdays,stata,2
openClosed,stata,2
org,stata,2
ownership,stata,2
receiptsRentPlant,stata,2
receiptsRentBuilding,stata,2
receiptsLandRent,stata,2
expenseMaintainBuilding,stata,2
expenseMaintainPlant,stata,2
expenseRentPlant,stata,2
expenseRentBuilding,stata,2
expenseRentLand,stata,2
fixedBuildingGrossAdd,stata,2
fixedBuildingGrossDeduct,stata,2
fixedBuildingNetOpen,stata,2
fixedBuildingNetClose,stata,2
fixedComputerGrossAdd,stata,2
fixedComputerGrossDeduct,stata,2
fixedComputerNetOpen,stata,2
fixedComputerNetClose,stata,2
fixedLandGrossAdd,stata,2
fixedLandGrossDeduct,stata,2
fixedLandNetOpen,stata,2
fixedLandNetClose,stata,2
fixedOtherGrossAdd,stata,2
fixedOtherGrossDeduct,stata,2
fixedOtherNetOpen,stata,2
fixedOtherNetClose,stata,2
fixedPlantGrossAdd,stata,2
fixedPlantGrossDeduct,stata,2
fixedPlantNetOpen,stata,2
fixedPlantNetClose,stata,2
fixedPollutionGrossAdd,stata,2
fixedPollutionGrossDeduct,stata,2
fixedPollutionNetOpen,stata,2
fixedPollutionNetClose,stata,2
fixedTotalGrossAdd,stata,2
fixedTotalGrossDeduct,stata,2
fixedTotalNetOpen,stata,2
fixedTotalNetClose,stata,2
fixedTransportGrossAdd,stata,2
fixedTransportGrossDeduct,stata,2
fixedTransportNetOpen,stata,2
fixedTransportNetClose,stata,2
empContractDays,stata,2
empContractAverage,stata,2
empContractWages,stata,2
empContractBonus,stata,2
empContractProvident,stata,2
empContractWelfare,stata,2
empFemaleDays,stata,2
empFemaleAverage,stata,2
empFemaleWages,stata,2
empFemaleBonus,stata,2
empFemaleProvident,stata,2
empFemaleWelfare,stata,2
empMaleDays,stata,2
empMaleAverage,stata,2
empMaleWages,stata,2
empMaleBonus,stata,2
empMaleProvident,stata,2
empMaleWelfare,stata,2
empOtherDays,stata,2
empOtherAverage,stata,2
empOtherWages,stata,2
empOtherBonus,stata,2
empOtherProvident,stata,2
empOtherWelfare,stata,2
empSuperviseDays,stata,2
empSuperviseAverage,stata,2
empSuperviseWages,stata,2
empSuperviseBonus,stata,2
empSuperviseProvident,stata,2
empSuperviseWelfare,stata,2
empTotalDays,stata,2
empTotalAverage,stata,2
empTotalWages,stata,2
empTotalBonus,stata,2
empTotalProvident,stata,2
empTotalWelfare,stata,2
empUnpaidAverage,stata,2
inputElecPurchaseQuantity,stata,2
inputElecPurchaseValue,stata,2
fuel,stata,2
inputElecGenQuantity,stata,2
eleccons,stata,2
productTotalGrossValue,stata,2
materials,stata,2
workingStockMatsOpen,stata,2
workingStockMatsClose,stata,2
workingStockSFGOpen,stata,2
workingStockSFGClose,stata,2
workingStockFGOpen,stata,2
workingStockFGClose,stata,2
nonelecind,stata,2
matvec,stata,2
matvtom,stata,2
sheetfirstrowclear,notebook,2
excelusing,notebook,2
firstrowclear,notebook,2
cutr,r,2
scheme_tufte,stata,2
train,stata,2
GradBoost,stata,2
distributions,stata,2
max_depth,stata,2
n_estimators,stata,2
clf,stata,2
model_name,stata,2
frac0,stata,2
s,stata,2
nonumbers,stata,2
urlparse,python,2
hv243d,stata,2
Ngram_function,python,2
clean_time_var,stata,2
clean_time_days,stata,2
rf,stata,2
wgan,python,2
employers_all_cow_1982,stata,2
employers_all_cow_1986,stata,2
employers_all_cow_1990,stata,2
employers_all_cow_1994,stata,2
employers_all_cow_2002,stata,2
employers_all_cow_2010,stata,2
nh4a1_18,stata,2
nh4a1_24,stata,2
nh4c1_06,stata,2
nh4c1_07,stata,2
NH4C1_07,stata,2
NH4C18,stata,2
NH4C115,stata,2
nh4c1_8,stata,2
nh4c1_15,stata,2
ripw,r,2
diconsa,stata,2
id_loc,stata,2
minimo3,stata,2
jobscount_2000,stata,2
circ_2000,stata,2
total_pages,stata,2
resp_age,stata,2
resp_age2,stata,2
resp_college,stata,2
monstercom_count,stata,2
ebaycom_count,stata,2
realtorcom_count,stata,2
all_count,stata,2
some.very.long,r,2
ns,r,2
other,r,2
baz,r,2
rcbc,r,2
css,r,2
Rcampdf,r,2
BaseHTTPServer,python,2
__builtin__,python,2
httplib,python,2
rfc822,python,2
_subprocess,python,2
cmapdb,python,2
encodingdb,python,2
exp_total,stata,2
exp_total2,stata,2
raster00,python,2
masketeer,python,2
bismaketeer,python,2
rastbyblock,python,2
rastbyblock_expa,python,2
m00m10_p1,python,2
urbancores,python,2
m00m10_p2,python,2
sprawler,python,2
rastbyblock_dis,python,2
fringer,python,2
little_eraser,python,2
indextables,python,2
merger_fringes,python,2
buffer_help,python,2
hiq,stata,2
raven,stata,2
round,stata,2
ldelta,stata,2
no_repeated,stata,2
_rmdcoll,stata,2
gold,stata,2
infdisauction,rmarkdown,2
sml,stata,2
npdemand,python,2
lower,stata,2
dunntest,stata,2
nk_rebates_mpc_monthly_ss,python,2
medianize,stata,2
augsynth,r,2
Diff_in_Diff_FE,python,2
MetaStudies,r,2
hotshot,python,2
_crypt,python,2
_bootsubprocess,python,2
_sha256,python,2
vms_lib,python,2
sitecustomize,python,2
win32evtlog,python,2
win32evtlogutil,python,2
bsddb,python,2
hybrid_nls,stata,2
KnitroR,r,2
yogurts,r,2
auction.Rcpp,r,2
nptrend,stata,2
price_index,python,2
write_data,python,2
support_functions,python,2
moment_eval,python,2
g_wrapper,python,2
mask_rows,stata,2
nrows_submatrix,stata,2
XeeX_part,stata,2
Var_Cov,stata,2
OHRTDX_recoded,stata,2
CANCERDX_recoded,stata,2
noeng,stata,2
d_coverage,stata,2
FAMSZEYR,stata,2
Medicare,stata,2
zval,stata,2
cp,stata,2
lee_bounds_x,stata,2
ExpMech,python,2
telasso,stata,2
v246,stata,2
v201,stata,2
V20082,stata,2
v224,stata,2
queryrunner_client,python,2
hexSQL,python,2
s224var_b,stata,2
s405var_b,stata,2
quantprod_millet_goro,stata,2
quantprod_greengrams_goro,stata,2
quantprod_sweetpotato_goro,stata,2
s14_immature_price_Chicken,stata,2
livestock_prod_qty_BeefCatt,stata,2
livestock_prod_qty_SheepGoat,stata,2
livestock_prod_qty_PoultryMe,stata,2
livestock_prod_qty_Blood,stata,2
livestock_prod_qty_Honey,stata,2
livestock_prod_price_HidesAnd,stata,2
value_unit_immat_Goats,stata,2
First,stata,2
norepeat1,stata,2
norescale,stata,2
all,stata,2
noCommongraph,stata,2
OptStab_IncomeProcess,python,2
GSSUwtest,stata,2
intscoretest,stata,2
LandUseR,rmarkdown,2
LandUseR,r,2
intermediates,notebook,2
h_l,stata,2
wh_l,stata,2
fw,stata,2
gamma_p1_l,stata,2
gamma_p1_r,stata,2
Z_l,stata,2
mu1_i_hat_l,stata,2
mu1_i_hat_r,stata,2
J_star_l,stata,2
J_star_r,stata,2
permno,stata,2
exchg,stata,2
dv_tot_comp_tbd,stata,2
num_last_name_match,stata,2
othann,stata,2
defer_rpt_as_comp_tot,stata,2
share_ppegt,stata,2
capiq_professional_full_name,stata,2
aggregate_periods,stata,2
agam,stata,2
amal,stata,2
annur,stata,2
anwar,stata,2
athfal,stata,2
asadiyah,stata,2
assalam,stata,2
attaqwa,stata,2
azhar,stata,2
babussalam,stata,2
bahrul,stata,2
baitul,stata,2
barkah,stata,2
barokah,stata,2
bustanul,stata,2
cokroaminoto,stata,2
daar,stata,2
darul,stata,2
darun,stata,2
darunnajah,stata,2
darussalam,stata,2
darut,stata,2
datar,stata,2
ddi,stata,2
falah,stata,2
fatah,stata,2
fathul,stata,2
furqon,stata,2
guppi,stata,2
hasan,stata,2
hasyim,stata,2
hayatul,stata,2
hidaya,stata,2
hikmah,stata,2
huda,stata,2
ibnu,stata,2
ikhlas,stata,2
ihsan,stata,2
iman,stata,2
insan,stata,2
irsyad,stata,2
ishlah,stata,2
islam,stata,2
islamiyah,stata,2
istiqomah,stata,2
ittihad,stata,2
jabal,stata,2
jannah,stata,2
jihad,stata,2
khairat,stata,2
khairiyah,stata,2
kidul,stata,2
maarif,stata,2
mambaul,stata,2
maraqittalimat,stata,2
mathlaul,stata,2
miftahul,stata,2
mubtadiin,stata,2
mujahidin,stata,2
muhammadiya,stata,2
muttaqin,stata,2
nahdlatul,stata,2
najah,stata,2
nur,stata,2
nurul,stata,2
nw,stata,2
persis,stata,2
pui,stata,2
quran,stata,2
raden,stata,2
rahman,stata,2
riyad,stata,2
raudlatul,stata,2
sabilul,stata,2
salafi,stata,2
salam,stata,2
shibyan,stata,2
sholihin,stata,2
sirojul,stata,2
sultan,stata,2
sunan,stata,2
sunnah,stata,2
syafiiyah,stata,2
tanah,stata,2
tanwirul,stata,2
taqwa,stata,2
tarbiya,stata,2
terpadu,stata,2
tholibin,stata,2
ulum,stata,2
ulama,stata,2
unggulan,stata,2
ummah,stata,2
wahid,stata,2
walisongo,stata,2
washliyah,stata,2
wathan,stata,2
yaqin,stata,2
zainul,stata,2
hank_replication,python,2
np_hpot,stata,2
TClndens_emp_b1950,stata,2
TClndens1_manuf_b1950,stata,2
TClndens1_agr_b1950,stata,2
TClndens1_constr_b1950,stata,2
TClndens1_trade_b1950,stata,2
TClndens1_other_b1950,stata,2
cTClndens_emp_b1950,stata,2
cTClndens1_agr_b1950,stata,2
TClndens_emp_a1950,stata,2
TClndens1_manuf_a1950,stata,2
TClndens1_agr_a1950,stata,2
TClndens1_constr_a1950,stata,2
TClndens1_trade_a1950,stata,2
TClndens1_other_a1950,stata,2
cTClndens_emp_a1950,stata,2
cTClndens1_agr_a1950,stata,2
TC_a1950,stata,2
year_mt_summer1,stata,2
year_railtrack,stata,2
year_lonc1,stata,2
year_mp_winter1,stata,2
npff_county_year2,stata,2
mp_winter1,stata,2
mt_winter1,stata,2
npff_county_year1,stata,2
lnpop,stata,2
pct_black,stata,2
sponsor_party,stata,2
leader,stata,2
sample1,stata,2
major,stata,2
name_clean,stata,2
femaleXMV1_female,stata,2
charisma_winner,stata,2
sponsor_name,stata,2
agestart,stata,2
numb_cosponsors_tenure_59,stata,2
pctbills_cosponsored_opp,stata,2
cosponsor_female,stata,2
cosp_comc,stata,2
cosp_lnpop,stata,2
sponsor_female,stata,2
AGE,stata,2
EMPST,stata,2
K6SUM,stata,2
TOT_SELF_EXP,stata,2
RX_AD_name,stata,2
ANY_COND_E,stata,2
PUBINS,stata,2
REFILLS,stata,2
id,stata,2
df,stata,2
nobaselevels,stata,2
mlabels,stata,2
price_X_avg_wealth_2,stata,2
price_X_avg_wealth_3,stata,2
price_X_avg_wealth_4,stata,2
price_X_avg_wealth_5,stata,2
dt_BKW_EWB,stata,2
dt_ET,stata,2
r2,stata,2
r3,stata,2
r4,stata,2
r5,stata,2
r6,stata,2
ssc2,stata,2
qn6,stata,2
treatment_effect_estimation_methods,python,2
analysis_methods,python,2
priorfit,stata,2
bayesrct,stata,2
InningFutureChangeInWinProb,stata,2
INTERACT_CONTINUOUS,stata,2
SELECTION_FUNCTION,stata,2
Pitch_break_angle,stata,2
Pitch_spin_dir,stata,2
Pitch_vx0,stata,2
Pitch_x0,stata,2
Pitch_Ump_Decision,stata,2
ModeledSwingProbability,stata,2
pscore,stata,2
dm79,stata,2
rdperm,stata,2
is_frank_cr_nz_coy,stata,2
dist11011,stata,2
dist13072,stata,2
dist14035,stata,2
dist15028,stata,2
dist21111,stata,2
dist21178,stata,2
dist30138,stata,2
fapara,stata,2
model_solution,python,2
firm_problems,python,2
data_management,python,2
boot_sample,stata,2
cupid_optim_utils,python,2
ipfp_solvers,python,2
esplot,stata,2
depmean,stata,2
n_obs,stata,2
district_status,stata,2
omitted,stata,2
tore_cd,stata,2
ccps,python,2
merge_utils,python,2
knitroNumPy,python,2
Output_Results,python,2
AggFiscalModel,python,2
cvt_between,stata,2
cpst,stata,2
dvt_binpg2,stata,2
cvt_new_pm,stata,2
ct_biny2,stata,2
dvt_binpg3,stata,2
cvt_between_mix,stata,2
cvt_biny2,stata,2
vdemdata,r,2
gr0002_3,stata,2
Column,stata,2
pathinit,stata,2
espmfeb,stata,2
ndimfeb,stata,2
dommfeb,stata,2
commfeb,stata,2
espwfeb,stata,2
ndiwfeb,stata,2
domwfeb,stata,2
comwfeb,stata,2
remprop,stata,2
remdirect,stata,2
remtesp,stata,2
remadmin,stata,2
remcoms,stata,2
remnocald,stata,2
remserv,stata,2
remespsub,stata,2
remadmsub,stata,2
remcomsub,stata,2
remsersub,stata,2
domval,stata,2
rdomval,stata,2
remhprdi,stata,2
remhadse,stata,2
remoadsesub,stata,2
bartik.weight,r,2
over45,stata,2
frail_srhs12,stata,2
frail_srhs345,stata,2
frail_pert0to85,stata,2
frail_pert85to100,stata,2
not,stata,2
est_std,python,2
est_var,python,2
cf_stats,python,2
N_l,stata,2
N_r,stata,2
p1,stata,2
X_lq2,stata,2
X_lq1,stata,2
X_lq,stata,2
X_lp,stata,2
w_pilot_l,stata,2
w_pilot_r,stata,2
Gamma_pilot_lq1,stata,2
Gamma_pilot_lq,stata,2
Gamma_pilot_lp,stata,2
invGamma_pilot_lq1,stata,2
invGamma_pilot_lq,stata,2
invGamma_pilot_lp,stata,2
sigma_l_pilot,stata,2
sigma_r_pilot,stata,2
Psi_pilot_lq1,stata,2
Psi_pilot_rq1,stata,2
Psi_pilot_lq,stata,2
Psi_pilot_lp,stata,2
V_m3_pilot_CCT,stata,2
V_m2_pilot_CCT,stata,2
V_m0_pilot_CCT,stata,2
m4_l_pilot_CCT,stata,2
m4_r_pilot_CCT,stata,2
D_q_CCT,stata,2
q_CCT,stata,2
N_b_CCT,stata,2
m3_l_CCT,stata,2
m3_r_CCT,stata,2
D_b_CCT,stata,2
invGamma_q_lq1_CCT,stata,2
invGamma_q_rq1_CCT,stata,2
Psi_q_lq1_CCT,stata,2
Psi_q_rq1_CCT,stata,2
V_m3_q_CCT,stata,2
R_b_CCT,stata,2
N_h_CCT,stata,2
m2_l_CCT,stata,2
m2_r_CCT,stata,2
D_h_CCT,stata,2
invGamma_b_lq_CCT,stata,2
invGamma_b_rq_CCT,stata,2
Psi_b_lq_CCT,stata,2
Psi_b_rq_CCT,stata,2
V_m2_b_CCT,stata,2
R_h_CCT,stata,2
h_CCT,stata,2
h_pilot_IK,stata,2
n_l_h1,stata,2
n_r_h1,stata,2
s2_l_pilot,stata,2
s2_r_pilot,stata,2
V_IK_pilot,stata,2
Vm0_pilot_IK,stata,2
Vm2_pilot_IK,stata,2
Vm3_pilot_IK,stata,2
x_IK_med_l,stata,2
x_IK_med_r,stata,2
x_IK_med,stata,2
y_IK_med,stata,2
sample_IK,stata,2
N_q_r_pilot_IK,stata,2
N_q_l_pilot_IK,stata,2
m4_pilot_IK,stata,2
D_q_pilot_IK,stata,2
h3_r_pilot_IK,stata,2
h3_l_pilot_IK,stata,2
m3_l_IK,stata,2
m3_r_IK,stata,2
D_b_IK,stata,2
N_b_IK,stata,2
n_l_h3,stata,2
r_l_b,stata,2
r_r_b,stata,2
R_b_IK,stata,2
N_b_r_pilot_IK,stata,2
N_b_l_pilot_IK,stata,2
m3_pilot_IK,stata,2
D_b_pilot_IK,stata,2
h2_l_pilot_IK,stata,2
h2_r_pilot_IK,stata,2
m2_l_IK,stata,2
m2_r_IK,stata,2
D_h_IK,stata,2
N_h_IK,stata,2
n_l_h2,stata,2
r_l_h,stata,2
r_r_h,stata,2
R_h_IK,stata,2
h_IK,stata,2
D_h_DM,stata,2
D_b_DM,stata,2
h_DM,stata,2
b_DM,stata,2
v_CV_l,stata,2
x_sort_l,stata,2
v_CV_r,stata,2
x_sort_r,stata,2
h_CV_max,stata,2
h_CV_jump,stata,2
h_CV_seq,stata,2
s_CV,stata,2
CV_l,stata,2
n_CV_l,stata,2
n_CV_r,stata,2
x_CV_sort_l,stata,2
y_CV_sort_l,stata,2
w_CV_sort_l,stata,2
x_CV_l,stata,2
y_CV_l,stata,2
w_CV_l,stata,2
XX_CV_l,stata,2
y_CV_hat_l,stata,2
mse_CV_l,stata,2
x_CV_sort_r,stata,2
y_CV_sort_r,stata,2
w_CV_sort_r,stata,2
x_CV_r,stata,2
y_CV_r,stata,2
w_CV_r,stata,2
XX_CV_r,stata,2
y_CV_hat_r,stata,2
mse_CV_r,stata,2
CV_sum,stata,2
CV_sum_order,stata,2
b_CV,stata,2
standardisation,python,2
gtk,python,2
issorted,stata,2
xtdcce2_csa,stata,2
age_under,stata,2
WATER_SEWER_EXPENSE2017,stata,2
threadr,r,2
https://cran.r-project.org/src/contrib/Archive/modelsummary/modelsummary_1.4.5.tar.gz,r,2
BWp,stata,2
x_sd,stata,2
masspoints_found,stata,2
b_bw_l,stata,2
b_bw_r,stata,2
h_bw_l,stata,2
h_bw_r,stata,2
duplicatesRTB,stata,2
inRTB2012,stata,2
sequence,stata,2
rblm,rmarkdown,2
cdk,stata,2
addXvector2,stata,2
addXvector3,stata,2
genControls,stata,2
genl,stata,1
rethinking,r,1
percent_teens,stata,1
per_capita_inc,stata,1
statistics,stata,1
alm_val,stata,1
ern_val,stata,1
i_hloren,stata,1
mig_dscp,stata,1
pxdisear,stata,1
se_val,stata,1
a_werntf,stata,1
div_val,stata,1
oi_val,stata,1
rtm_val,stata,1
prwernal,stata,1
treat_infoBCXwifepref,stata,1
treat_infoDXhuspref,stata,1
abserror2A8cov,stata,1
cs_relation_head,stata,1
cs_whynot_sleep_other,stata,1
cs_trip_when,stata,1
cs_disability_other,stata,1
cs_sleep,stata,1
cs_caste_other,stata,1
nm_cs_adult,stata,1
cs_spouse,stata,1
cs_when_return,stata,1
cs_trip_days,stata,1
cs_head_male,stata,1
cs_village_str,stata,1
cs_subcaste_other,stata,1
cs_gender,stata,1
cs_whynot_sleep,stata,1
rdhte,stata,1
educ,stata,1
teens,stata,1
satfam,stata,1
sex,stata,1
conclerg,stata,1
consci,stata,1
_parsewt,stata,1
get_data,python,1
models_run,python,1
models_estimate,python,1
c032,stata,1
c085,stata,1
c061,stata,1
c072,stata,1
c076,stata,1
c020,stata,1
c048,stata,1
s042,stata,1
s045,stata,1
vs042,stata,1
vc043,stata,1
vc088,stata,1
vs020,stata,1
vs027,stata,1
wages_ibge,stata,1
wagebill,stata,1
v118,stata,1
vc131,stata,1
vc066,stata,1
vc089,stata,1
std_orders_joint,stata,1
std_cases_joint,stata,1
std_c_bound_lin,stata,1
std_c_ccfe,stata,1
std_c_sp_1,stata,1
std_c_epc,stata,1
std_c_strict_LOM,stata,1
std_c_strict_avg,stata,1
std_g_strict_avg,stata,1
std_index_lad_c_avg,stata,1
std_c_d1,stata,1
std_c_d2,stata,1
std_c_d3,stata,1
std_c_d4,stata,1
std_c_d5,stata,1
std_c_d6,stata,1
std_c_d7,stata,1
std_c_d8,stata,1
std_c_d9,stata,1
std_c_d10,stata,1
std_c_lin,stata,1
std_c_quad,stata,1
std_c_10pc,stata,1
std_c_one,stata,1
std_c_two,stata,1
std_c_don,stata,1
std_c_cal,stata,1
std_c_cal_bound,stata,1
std_c_cal_quad,stata,1
std_c_cal_cub,stata,1
_parse,stata,1
est_expand,stata,1
problem,stata,1
aitcbiggest,stata,1
label1,stata,1
totvalid,stata,1
label2,stata,1
rabi_AITC97meandaysworked14,stata,1
rabi_AITC99meandaysworked14,stata,1
fullyear_AITC97meandaysworked14,stata,1
fullyear_AITC99meandaysworked14,stata,1
rabi_TOTsumdaysworked14,stata,1
fullyear_TOTsumdaysworked14,stata,1
did,stata,1
make_wkd_hr_n2n_stats,python,1
make_P,python,1
make_numpy_data_struct,python,1
make_n2a_mappings,python,1
data_plots_and_tables,python,1
demand_estimation,python,1
eta_regression,python,1
driver_inversion_gamma_search,python,1
driver_vot_regression,python,1
estimate_profit_weights,python,1
run_simulations,python,1
analyze_model_fit,python,1
analyze_main_counterfactuals,python,1
analyze_counterfactuals_robustness,python,1
anesr,r,1
div_a,stata,1
e_mkt_debt02,stata,1
sim1,python,1
sim2,python,1
sim3,python,1
sim4,python,1
sim5,python,1
empirical_results,python,1
C_smoke,stata,1
C_occupother,stata,1
C_hb_occupmanag,stata,1
labels,stata,1
pci,stata,1
sim_mean_all_f,stata,1
sim_mean_all_est,stata,1
csreg,stata,1
latex2r,r,1
sentiment_complexity_scores,python,1
plot_lifecycle_mom,stata,1
/opt/gurobi/linux64/R/gurobi_9.5-1_R_4.1.1.tar.gz,r,1
escftest,stata,1
Public,stata,1
PM,stata,1
Agricultural,stata,1
density,stata,1
growth,stata,1
value,stata,1
Counties,stata,1
ever,stata,1
land,stata,1
Population,stata,1
Start,stata,1
County,stata,1
QQQ,stata,1
emo,rmarkdown,1
skfmm,python,1
filler1,stata,1
filler2,stata,1
filler3,stata,1
DPTO,stata,1
CIIU5,stata,1
NORDEN,stata,1
PEROC,stata,1
PERDUENOH,stata,1
PERDIRH,stata,1
PEREMPLH,stata,1
PERTECNH,stata,1
PERTECEH,stata,1
PEROBRH,stata,1
PERAPRENTH,stata,1
PROBRUTA,stata,1
CONINTER,stata,1
TINVACFN,stata,1
TDEPRECI,stata,1
VGASINDU,stata,1
PROTOTAL,stata,1
VALORCONSEXT,stata,1
VALORVEN,stata,1
VALORVENNAL,stata,1
VALORVENEXT,stata,1
mat_exis_ene,stata,1
prod_fab_exis_ene,stata,1
prod_aca_exis_ene,stata,1
valorcom_trans,stata,1
valorven_int,stata,1
CENERCOMP,stata,1
GENERCOMP,stata,1
CENERCON,stata,1
GENERCON,stata,1
GENERVEND,stata,1
GOTROS_ENER,stata,1
terrenos_cu,stata,1
edificios_cn,stata,1
maquinaria_cn,stata,1
eq_transp_cn,stata,1
equipo_cn,stata,1
terrenos_vrt,stata,1
edificios_vrt,stata,1
maquinaria_vrt,stata,1
eq_transp_vrt,stata,1
equipo_vrt,stata,1
terrenos_sf,stata,1
edificios_sf,stata,1
maquinaria_sf,stata,1
eq_transp_sf,stata,1
equipo_sf,stata,1
Rent_Inmueble,stata,1
Rent_Maq_Equipo,stata,1
edificios_dep,stata,1
maquinaria_dep,stata,1
eq_transp_dep,stata,1
equipo_dep,stata,1
anoper,stata,1
accesorios,stata,1
otros_ener,stata,1
servicios,stata,1
publicidad,stata,1
subcontrat,stata,1
domicilio,stata,1
honorarios,stata,1
mantenim,stata,1
seguros,stata,1
mater,stata,1
l_lab_cal,stata,1
l_maq_auto,stata,1
gest_ambi,stata,1
trans_tec_consu,stata,1
l_act_biotec,stata,1
proy_i_d,stata,1
l_tot_inv_desarrollo,stata,1
l_gasto_capacita,stata,1
l_maq_eq_inno,stata,1
l_eq_lab_inno,stata,1
intro_inno,stata,1
l_act_i_d_ext,stata,1
l_trans_tec,stata,1
tot_empleo,stata,1
l_capacitadas,stata,1
inno_prod_nuevo_mejor_inter,stata,1
inno_prod_nuevo_inter,stata,1
inno_prod_mejor_inter,stata,1
N_inno_prod,stata,1
inno_com,stata,1
pat_software,stata,1
pat_software_vig,stata,1
d_ln_realwage_FTE,stata,1
d_ln_VA_FTE,stata,1
d_lnLab_share_rev,stata,1
share_strom_insg,stata,1
ieu_ef53,stata,1
kse_ef27,stata,1
kse_ef86,stata,1
Price_Index_Invest_Bauten,stata,1
depre_rate_Buildings,stata,1
vse_ef42,stata,1
vse_ef19,stata,1
pi_hzoel_ang,stata,1
Leih_Kost_over_WB,stata,1
realwage,stata,1
KMR_nom,stata,1
verb_erdgas,stata,1
marker_existing_outcome,stata,1
max_from,stata,1
Price_Index_Invest_Sonstige,stata,1
Vorleistungsindex,stata,1
st0085_2,stata,1
products_text,python,1
purchases,python,1
purchases_race,python,1
products_model,python,1
products_model_race,python,1
product_model_purchases,python,1
product_model_purchases_race,python,1
export_stata,python,1
purchases_children,python,1
products_model_children,python,1
purchases_sons,python,1
products_model_sons,python,1
product_model_purchases_children,python,1
product_model_purchases_sons,python,1
construct_prices,python,1
NSFawards_research_woCAT_NSFAwards1620_WTSURVY,stata,1
model_2025_land,python,1
model_line,python,1
foo_0.0.1.tar.gz,r,1
templib,r,1
pkg,rmarkdown,1
PKGNAME,rmarkdown,1
myPackage,rmarkdown,1
123__slartibartfast__321,r,1
Rmtcd,r,1
YourPackage,rmarkdown,1
edit04,stata,1
adjustC,stata,1
labal,stata,1
cmrologit,stata,1
All,stata,1
_n,stata,1
std,r,1
packages/dups_0.1.0.tar.gz,r,1
packages/qval_0.0.0.9000.tar.gz,r,1
packages/trackr_0.1.0.tar.gzz,r,1
qval,r,1
dobinfo,stata,1
ageprg,stata,1
intmonth,stata,1
agelfte,stata,1
hourwage,stata,1
ethnicity,stata,1
markreapp,stata,1
markreapp2,stata,1
mbound,stata,1
lnrealynonfarm,stata,1
distribution,stata,1
thr,stata,1
bracketavg,stata,1
average,stata,1
percentiles_output,stata,1
threshold,stata,1
top_share,stata,1
bottom_share,stata,1
bracket_share,stata,1
top_average,stata,1
bottom_average,stata,1
bracket_average,stata,1
invpareto,stata,1
gini_r,stata,1
END_OF_R,stata,1
binscater,stata,1
endog_var,stata,1
exog_var,stata,1
wvar_var,stata,1
ivflag,stata,1
invZX,stata,1
ZeeZ_spatial,stata,1
ZeeZ_spatial_HAC,stata,1
generate_graph,python,1
gdb,python,1
textdoc,stata,1
g538schemes,stata,1
distict,stata,1
ws1decision_dum,stata,1
amoeba,stata,1
final_dataset_creation,python,1
adjustment_experiments,python,1
Start_Y,stata,1
Start_M,stata,1
Wave,stata,1
End_D,stata,1
Job_Hours,stata,1
msoffcrypto,python,1
panelcombine,stata,1
noobs,stata,1
conspulse,stata,1
unstack,stata,1
nlogittree,stata,1
uninstall,stata,1
parent7,stata,1
parent15,stata,1
urban,stata,1
bestjoboffer_hukou,stata,1
gkzf_1st_sd_c2,stata,1
gkzf_1st_sd_c3,stata,1
gkzf_1st_sd_c4,stata,1
cross_pro,stata,1
_prefix_saving,stata,1
svmatsv,stata,1
panelma,stata,1
sadj,stata,1
cPickle,notebook,1
queryrunner_client,notebook,1
treat,rmarkdown,1
sd_dgp,python,1
USAboundariesData,r,1
data_dir,stata,1
lower_bound,stata,1
upper_bound,stata,1
with,stata,1
sa_borrowings,stata,1
drap,stata,1
xt_iis,stata,1
oprob_funcs,python,1
moments_funcs,python,1
dm88_1,stata,1
make_lpoly_clus,stata,1
gpsbound,stata,1
employers_all_occ_1982,stata,1
employers_all_occ_1986,stata,1
employers_all_occ_1990,stata,1
employers_all_occ_1994,stata,1
employers_all_occ_2002,stata,1
employers_all_occ_2010,stata,1
employers_all_curwk_1982,stata,1
employers_all_curwk_1986,stata,1
employers_all_curwk_1990,stata,1
employers_all_curwk_1994,stata,1
employers_all_curwk_2002,stata,1
employers_all_curwk_2010,stata,1
employers_all_ind_1982,stata,1
employers_all_ind_1986,stata,1
employers_all_ind_1990,stata,1
employers_all_ind_1994,stata,1
employers_all_ind_2002,stata,1
employers_all_ind_2010,stata,1
employers_all_perstop_1982,stata,1
employers_all_perstop_1986,stata,1
employers_all_perstop_1990,stata,1
employers_all_perstop_1994,stata,1
employers_all_perstop_2002,stata,1
employers_all_perstop_2010,stata,1
employers_all_perstar_1979,stata,1
employers_all_perstar_1982,stata,1
employers_all_perstar_1986,stata,1
employers_all_perstar_1990,stata,1
employers_all_perstar_1994,stata,1
employers_all_perstar_2002,stata,1
employers_all_perstar_2010,stata,1
employers_all_stopweek_1982,stata,1
employers_all_stopweek_1986,stata,1
employers_all_stopweek_1990,stata,1
employers_all_stopweek_1994,stata,1
employers_all_stopweek_2002,stata,1
employers_all_stopweek_2010,stata,1
employers_all_startweek_1979,stata,1
employers_all_startweek_1982,stata,1
employers_all_startweek_1986,stata,1
employers_all_startweek_1990,stata,1
employers_all_startweek_1994,stata,1
employers_all_startweek_2002,stata,1
employers_all_startweek_2010,stata,1
employers_all_hoursweek_1979,stata,1
employers_all_hoursweek_1982,stata,1
employers_all_hoursweek_1986,stata,1
employers_all_hoursweek_1990,stata,1
employers_all_hoursweek_1994,stata,1
employers_all_hoursweek_2002,stata,1
employers_all_hoursweek_2010,stata,1
employers_all_whyleft_1979,stata,1
employers_all_whyleft_1982,stata,1
employers_all_whyleft_1986,stata,1
employers_all_whyleft_1990,stata,1
employers_all_whyleft_1994,stata,1
employers_all_whyleft_2002,stata,1
employers_all_whyleft_2010,stata,1
entsoe,python,1
CY,stata,1
MT,stata,1
pensionins_p,stata,1
pensionins,stata,1
occupation,stata,1
qid,stata,1
controlphat,stata,1
fee,stata,1
advamt,stata,1
_decvon,stata,1
ivregdhfe,stata,1
binscatterm,stata,1
exactt,rmarkdown,1
jobscount_1995,stata,1
circ_1995,stata,1
num_ISPs_1995,stata,1
num_ISPs_2000,stata,1
CL_entry_year_,stata,1
share_white_2000,stata,1
classif_2000,stata,1
watched_TV_dummy,stata,1
listened_radio_dummy,stata,1
wsjcom_count,stata,1
usatodaycom_count,stata,1
top3_count,stata,1
top100_count,stata,1
ihs_wsjcom_count,stata,1
ihs_usatodaycom_count,stata,1
ihs_top3_count,stata,1
ihs_top100_count,stata,1
ihs_cong_incumbent_mentions,stata,1
ihs_cong_sen_mentions,stata,1
discuss_politics_fam,stata,1
congress_mentions,stata,1
congress_prim_mentions,stata,1
president_mentions,stata,1
congressleaders_mentions,stata,1
local_mentions,stata,1
cong_incumbent_mentions,stata,1
cong_challenger_mentions,stata,1
cong_primary_mentions,stata,1
cong_general_mentions,stata,1
cong_sen_mentions,stata,1
cong_house_mentions,stata,1
accountability_mentions,stata,1
./Packages/FRD_1.0.zip,r,1
./Packages/RDHonest_0.4.1.tar.gz,r,1
dplyrr,r,1
R6testA,r,1
pkgapi,r,1
analyze_binomial_benchmark,python,1
analyze_gaussian_benchmark,python,1
analyze_binomial_two_class_benchmark,python,1
SUtools,rmarkdown,1
..notexisting..,r,1
rlanglibtest,r,1
noremotes,r,1
42xxx,r,1
my-awesome-group,r,1
test-pkg,r,1
submodule,r,1
pkgconfigtest2,r,1
pkgconfigtest1,r,1
pkgC,r,1
ivcvscore,stata,1
_egennoby,stata,1
ggsankey,r,1
doctest_nose_plugin,python,1
pycrfsuite,python,1
test_metrics,python,1
test_web,python,1
test_db,python,1
test_de,python,1
test_en,python,1
test_es,python,1
test_fr,python,1
test_it,python,1
test_nl,python,1
test_text,python,1
test_search,python,1
test_vector,python,1
test_graph,python,1
sha,python,1
Cookie,python,1
mimetools,python,1
win32event,python,1
win32service,python,1
win32serviceutil,python,1
_systemrestart,python,1
ascii85,python,1
runlength,python,1
fontmetrics,python,1
arcfour,python,1
pdfdevice,python,1
glyphlist,python,1
latin_enc,python,1
UserDict,python,1
yline,stata,1
t_eff_food0_inf1_vat0_B2_r2080,stata,1
se_rural,stata,1
permutevar,stata,1
merger_buffers,python,1
merger_coreshapes,python,1
stataids,python,1
ex_ad_it,stata,1
INLA,r,1
calculate_offers_variances_library,python,1
calculate_kas_library,python,1
Create_folders,python,1
Make_Grid,python,1
Grid_wopas,python,1
Grid_wopeatlands,python,1
Grid_Gaez,python,1
Grid_Carbon,python,1
Grid_Mun,python,1
Municipalities_Centroids,python,1
Waterways_Ports,python,1
Roads,python,1
Index_Esalq,python,1
Short_path_esalq,python,1
Fit_Cost_Model,python,1
Short_path,python,1
Raster_soy_meso,python,1
Conditional_probabilities,python,1
Grid_conditional_probabilities,python,1
Conditional_probabilities_long,python,1
Cluster_build,python,1
Grid_mapbiomas,python,1
Grid_merge,python,1
Regression_difference,python,1
Regression_level,python,1
Degradation_regeneration,python,1
matrix,r,1
flagmissing,stata,1
sss,stata,1
dop,stata,1
fig,stata,1
curve_color,stata,1
axis_color,stata,1
patch,stata,1
upper,stata,1
rhs,stata,1
alpha_star,stata,1
y_star,stata,1
gan_shadish,python,1
uninstall_asdoc,stata,1
v526,stata,1
het_block,python,1
determinacy,python,1
nk_rebates_mpc_model,python,1
jpsbeamapping,python,1
OptimizerProgress,python,1
model_class_RF,python,1
calibration_class_RF,python,1
xttest1,stata,1
HetKappa_ConflictCost,notebook,1
ConflictCost_GE_Emp,notebook,1
ConflictCost_GE_Inf,notebook,1
libpasteurize,python,1
libfuturize,python,1
blackd,python,1
isympy,python,1
latex_envs,notebook,1
_testcapi,python,1
_testbuffer,python,1
update_file,python,1
umarshal,python,1
generate_global_objects,python,1
patchcheck,python,1
untabify,python,1
Rgeogram,r,1
tempfil,stata,1
versio,stata,1
glmhdfe,stata,1
eerase,stata,1
lassoselect,stata,1
lassoinfo,stata,1
dmatrix,stata,1
format_params,python,1
ra_5ag_real_carbon_frontier,python,1
ra_1ag_real_carbon_frontier,python,1
ra_comp_5ag_1ag,python,1
download_CPI,python,1
download_CEX,python,1
load_data,python,1
klenow_willis,python,1
plh0245,stata,1
plh0246,stata,1
jl0350,stata,1
jl0352,stata,1
time_cutoff,stata,1
cohort_cutoff,stata,1
unique_periods,stata,1
N_periods,stata,1
dist_cohort_i,stata,1
wt_i,stata,1
unique_cohort,stata,1
N_cohorts,stata,1
dist_time_t,stata,1
wt_t,stata,1
XXinv,stata,1
XeeX_conley,stata,1
ASTHDX_recoded,stata,1
medicare_partb,stata,1
Private_HMO,stata,1
perc_mental_health,stata,1
totalexp,stata,1
home_health_other,stata,1
DUID,stata,1
employed,stata,1
any_limitation,stata,1
n_medic_visits,stata,1
State_ins,stata,1
hosp_discharges,stata,1
emergency_visits,stata,1
region,stata,1
pweight,stata,1
healthterc,stata,1
political_party,stata,1
government_ins,stata,1
3-replication-package/add-ons/r/here_1.0.1.zip,r,1
3-replication-package/add-ons/r/dplyr_1.1.4.zip,r,1
3-replication-package/add-ons/r/did_2.1.2.zip,r,1
3-replication-package/add-ons/r/haven_2.5.4.zip,r,1
3-replication-package/add-ons/r/ggplot2_3.5.1.zip,r,1
3-replication-package/add-ons/r/fixest_0.12.0.zip,r,1
3-replication-package/add-ons/r/rlang_1.1.3.zip,r,1
3-replication-package/add-ons/r/foreach_1.5.2.zip,r,1
3-replication-package/add-ons/r/matrixStats_1.3.0.zip,r,1
3-replication-package/add-ons/r/CVXR_1.0-12.zip,r,1
3-replication-package/add-ons/r/latex2exp_0.9.6.zip,r,1
3-replication-package/add-ons/r/lpSolveAPI_5.5.2.0-17.11.zip,r,1
3-replication-package/add-ons/r/pracma_2.4.4.zip,r,1
3-replication-package/add-ons/r/purrr_1.0.2.zip,r,1
3-replication-package/add-ons/r/tibble_3.2.1.zip,r,1
3-replication-package/add-ons/r/Rglpk_0.6-5.1.zip,r,1
3-replication-package/add-ons/r/mvtnorm_1.2-5.zip,r,1
3-replication-package/add-ons/r/TruncatedNormal_2.2.2.zip,r,1
3-replication-package/add-ons/r/vctrs_0.6.5.zip,r,1
3-replication-package/add-ons/r/R6_2.5.1.zip,r,1
3-replication-package/add-ons/r/generics_0.1.3.zip,r,1
3-replication-package/add-ons/r/glue_1.7.0.zip,r,1
3-replication-package/add-ons/r/lifecycle_1.0.4.zip,r,1
3-replication-package/add-ons/r/magrittr_2.0.3.zip,r,1
3-replication-package/add-ons/r/pillar_1.9.0.zip,r,1
3-replication-package/add-ons/r/cli_3.6.2.zip,r,1
3-replication-package/add-ons/r/fansi_1.0.6.zip,r,1
3-replication-package/add-ons/r/utf8_1.2.4.zip,r,1
3-replication-package/add-ons/r/pkgconfig_2.0.3.zip,r,1
3-replication-package/add-ons/r/tidyselect_1.2.1.zip,r,1
3-replication-package/add-ons/r/iterators_1.0.14.zip,r,1
3-replication-package/add-ons/r/Rcpp_1.0.12.zip,r,1
3-replication-package/add-ons/r/alabama_2023.1.0.zip,r,1
3-replication-package/add-ons/r/numDeriv_2016.8-1.1.zip,r,1
3-replication-package/add-ons/r/nleqslv_3.3.5.zip,r,1
3-replication-package/add-ons/r/randtoolbox_2.0.4.zip,r,1
3-replication-package/add-ons/r/rngWELL_0.10-9.zip,r,1
3-replication-package/add-ons/r/Rmpfr_0.9-5.zip,r,1
3-replication-package/add-ons/r/gmp_0.7-4.zip,r,1
3-replication-package/add-ons/r/bit64_4.0.5.zip,r,1
3-replication-package/add-ons/r/bit_4.0.5.zip,r,1
3-replication-package/add-ons/r/rprojroot_2.0.4.zip,r,1
3-replication-package/add-ons/r/BMisc_1.4.6.zip,r,1
3-replication-package/add-ons/r/data.table_1.15.4.zip,r,1
3-replication-package/add-ons/r/gtable_0.3.5.zip,r,1
3-replication-package/add-ons/r/scales_1.3.0.zip,r,1
3-replication-package/add-ons/r/munsell_0.5.1.zip,r,1
3-replication-package/add-ons/r/colorspace_2.1-0.zip,r,1
3-replication-package/add-ons/r/ggpubr_0.6.0.zip,r,1
3-replication-package/add-ons/r/ggsignif_0.6.4.zip,r,1
3-replication-package/add-ons/r/rstatix_0.7.2.zip,r,1
3-replication-package/add-ons/r/broom_1.0.6.zip,r,1
3-replication-package/add-ons/r/tidyr_1.3.1.zip,r,1
3-replication-package/add-ons/r/backports_1.4.1.zip,r,1
3-replication-package/add-ons/r/car_3.1-2.zip,r,1
3-replication-package/add-ons/r/carData_3.0-5.zip,r,1
3-replication-package/add-ons/r/abind_1.4-5.zip,r,1
3-replication-package/add-ons/r/forcats_1.0.0.zip,r,1
3-replication-package/add-ons/r/hms_1.1.3.zip,r,1
3-replication-package/add-ons/r/withr_3.0.0.zip,r,1
3-replication-package/add-ons/r/dreamerr_1.4.0.zip,r,1
3-replication-package/add-ons/r/f1dataR_1.5.3.zip,r,1
3-replication-package/add-ons/r/Formula_1.2-5.zip,r,1
3-replication-package/add-ons/r/sandwich_3.1-0.zip,r,1
3-replication-package/add-ons/r/zoo_1.8-12.zip,r,1
3-replication-package/add-ons/r/stringmagic_1.1.2.zip,r,1
3-replication-package/add-ons/r/readr_2.1.5.zip,r,1
3-replication-package/add-ons/r/tzdb_0.4.0.zip,r,1
3-replication-package/add-ons/r/osqp_0.6.3.2.zip,r,1
3-replication-package/add-ons/r/ECOSolveR_0.5.5.zip,r,1
3-replication-package/add-ons/r/labeling_0.4.3.zip,r,1
3-replication-package/add-ons/r/farver_2.1.2.zip,r,1
3-replication-package/add-ons/r/HonestDiD,r,1
ub_abs_mean_FE_stable,stata,1
lb_abs_mean_FE_stable,stata,1
sasinput,stata,1
sg97_5,stata,1
gglot2,r,1
ACS_data,python,1
cvplot,stata,1
V2003,stata,1
Alimentos_preparados,stata,1
Artigos_escolares,stata,1
Aluguel,stata,1
Instrumentos_produt_uso_pessoal,stata,1
Brinquedos_e_jogos,stata,1
Cabeleireiro,stata,1
Fumo,stata,1
Outras_rendas,stata,1
Enlatados_e_conservas,stata,1
hexConversions,python,1
callQueryrunner,python,1
UberLibraries,r,1
s201var_b,stata,1
s202var_b,stata,1
s203var_b,stata,1
s204var_b,stata,1
s205var_b,stata,1
s206var_b,stata,1
s207var_b,stata,1
s208var_b,stata,1
s209var_b,stata,1
s210var_b,stata,1
s211var_b,stata,1
s212var_b,stata,1
s213var_b,stata,1
s214var_b,stata,1
s215var_b,stata,1
s216var_b,stata,1
s217var_b,stata,1
s218var_b,stata,1
s219var_b,stata,1
s220var_b,stata,1
s221var_b,stata,1
s222var_b,stata,1
s223var_b,stata,1
s224var_t_a2,stata,1
s225var_b,stata,1
s226var_b,stata,1
s227var_b,stata,1
s228var_b,stata,1
s229var_b,stata,1
s230var_b,stata,1
s231var_b,stata,1
s232var_b,stata,1
s233var_b,stata,1
s234var_b,stata,1
s401var_b,stata,1
s402var_b,stata,1
s403var_b,stata,1
s404var_b,stata,1
s424var_b,stata,1
s406var_b,stata,1
s407var_b,stata,1
s408var_b,stata,1
s409var_b,stata,1
s410var_b,stata,1
s411var_b,stata,1
s412var_b,stata,1
s413var_b,stata,1
s414var_b,stata,1
s415var_b,stata,1
s416var_b,stata,1
s417var_b,stata,1
s501var_b,stata,1
s502var_b,stata,1
s503var_b,stata,1
s504var_b,stata,1
s505var_b,stata,1
s506var_b,stata,1
s507var_b,stata,1
s508var_b,stata,1
s509var_b,stata,1
s510var_b,stata,1
s511var_b,stata,1
s512var_b,stata,1
s513var_b,stata,1
s514var_b,stata,1
s515var_b,stata,1
s516var_b,stata,1
s517var_b,stata,1
s518var_b,stata,1
s519var_b,stata,1
s520var_b,stata,1
s521var_b,stata,1
s522var_b,stata,1
s523var_b,stata,1
s524var_b,stata,1
s525var_b,stata,1
s526var_b,stata,1
s527var_b,stata,1
s528var_b,stata,1
s529var_b,stata,1
s530var_b,stata,1
s531var_b,stata,1
s532var_b,stata,1
s533var_b,stata,1
s534var_b,stata,1
s535var_b,stata,1
s536var_b,stata,1
s537var_b,stata,1
s538var_b,stata,1
s539var_b,stata,1
s602i1,stata,1
s603i1,stata,1
s604i1,stata,1
s605i1,stata,1
s606i1,stata,1
s702i1,stata,1
s703i1,stata,1
s704km_oy,stata,1
s705vil_a,stata,1
s705vil_b,stata,1
s705vil_c,stata,1
s706i1,stata,1
s707i1,stata,1
s708i1,stata,1
s709i1,stata,1
s710i1,stata,1
s710i2,stata,1
s710i3,stata,1
s203p2_b1,stata,1
s203p2_b2,stata,1
s203p2_b3,stata,1
s204p2_b1,stata,1
s204p2_b2,stata,1
s205p2_b1,stata,1
s205p2_b2,stata,1
s205p2_b3,stata,1
s205p2_b4,stata,1
s212p2_b1,stata,1
s212p2_b2,stata,1
s213p2_b1,stata,1
s215p2_b1,stata,1
s217p2_b1,stata,1
s217p2_b2,stata,1
s221p2_b1,stata,1
s221p2_b2,stata,1
s223p2_b1,stata,1
s225p2_b1,stata,1
s227p2_b1,stata,1
s227p2_b2,stata,1
s228p2_b1,stata,1
s230p2_b1,stata,1
s234p2_b1,stata,1
s401p2_b1,stata,1
s404p2_b1,stata,1
s405p2_b1,stata,1
s408p2_b1,stata,1
s412p2_b1,stata,1
s413p2_b1,stata,1
s502p2_b1,stata,1
s502p2_b2,stata,1
s502p2_b3,stata,1
s502p2_b4,stata,1
s502p2_b5,stata,1
s503p2_b1,stata,1
s503p2_b2,stata,1
s504p2_b1,stata,1
s505p2_b1,stata,1
s505p2_b2,stata,1
s505p2_b3,stata,1
s505p2_b4,stata,1
s509p2_b1,stata,1
s509p2_b2,stata,1
s510p2_b1,stata,1
s514p2_b1,stata,1
s516p2_b1,stata,1
s519p2_b1,stata,1
s519p2_b2,stata,1
s519p2_b3,stata,1
s521p2_b1,stata,1
s522p2_b1,stata,1
s522p2_b2,stata,1
s522p2_b3,stata,1
s522p2_b4,stata,1
s524p2_b1,stata,1
s525p2_b1,stata,1
s525p2_b2,stata,1
s525p2_b3,stata,1
s525p2_b4,stata,1
s530p2_b1,stata,1
s530p2_b2,stata,1
s532p2_b1,stata,1
s535p2_b1,stata,1
s203p2_b4,stata,1
s203p2_b5,stata,1
s203p2_b6,stata,1
s205p2_b5,stata,1
s205p2_b6,stata,1
s207p2_b1,stata,1
s209p2_b1,stata,1
s209p2_b2,stata,1
s209p2_b3,stata,1
s209p2_b4,stata,1
s209p2_b5,stata,1
s209p2_b6,stata,1
s209p2_b7,stata,1
s211p2_b1,stata,1
s212p2_b3,stata,1
s212p2_b4,stata,1
s212p2_b5,stata,1
s213p2_b2,stata,1
s215p2_b2,stata,1
s215p2_b3,stata,1
s216p2_b1,stata,1
s216p2_b2,stata,1
s220p2_b1,stata,1
s220p2_b2,stata,1
s220p2_b3,stata,1
s221p2_b3,stata,1
s222p2_b1,stata,1
s222p2_b2,stata,1
s224p2_b1,stata,1
s224p2_b2,stata,1
s224p2_b3,stata,1
s224p2_b4,stata,1
s224p2_b5,stata,1
s403p2_b1,stata,1
s404p2_b2,stata,1
s405p2_b2,stata,1
s405p2_b3,stata,1
s405p2_b4,stata,1
s405p2_b5,stata,1
s405p2_b6,stata,1
s405p2_b7,stata,1
s406p2_b1,stata,1
s406p2_b2,stata,1
s407p2_b1,stata,1
s407p2_b2,stata,1
s409p2_b1,stata,1
s409p2_b2,stata,1
s410p2_b1,stata,1
s410p2_b2,stata,1
s410p2_b3,stata,1
s410p2_b4,stata,1
s411p2_b1,stata,1
s411p2_b2,stata,1
s411p2_b3,stata,1
s411p2_b4,stata,1
s411p2_b5,stata,1
s411p2_b6,stata,1
s411p2_b7,stata,1
s411p2_b8,stata,1
s501p2_b1,stata,1
s501p2_b2,stata,1
s501p2_b3,stata,1
s501p2_b4,stata,1
s501p2_b5,stata,1
s503p2_b3,stata,1
s503p2_b4,stata,1
s503p2_b5,stata,1
s503p2_b6,stata,1
s503p2_b7,stata,1
s504p2_b2,stata,1
s515p2_b1,stata,1
s521p2_b2,stata,1
s521p2_b3,stata,1
s527p2_b1,stata,1
s532p2_b2,stata,1
s532p2_b3,stata,1
s532p2_b4,stata,1
s534p2_b1,stata,1
s537p2_b1,stata,1
s214p2_b1,stata,1
s223p2_b2,stata,1
s223p2_b3,stata,1
s227p2_b3,stata,1
s227p2_b4,stata,1
s227p2_b5,stata,1
s227p2_b6,stata,1
s402p2_b1,stata,1
s424p2_b1,stata,1
s408p2_b2,stata,1
s412p2_b2,stata,1
s505p2_b5,stata,1
s510p2_b2,stata,1
s510p2_b3,stata,1
s510p2_b4,stata,1
s512p2_b1,stata,1
s519p2_b4,stata,1
s522p2_b5,stata,1
s526p2_b1,stata,1
s530p2_b3,stata,1
s531p2_b1,stata,1
s535p2_b2,stata,1
s535p2_b3,stata,1
s535p2_b4,stata,1
s535p2_b5,stata,1
s535p2_b6,stata,1
s535p2_b7,stata,1
s535p2_b8,stata,1
s224p2_a,stata,1
v12,stata,1
s1r2a__,stata,1
age_,stata,1
female_,stata,1
s4g5c_,stata,1
s4g5d_,stata,1
s4g5e__,stata,1
s4g5f__,stata,1
s4g5f_other__,stata,1
s4g5c_other__,stata,1
s4g5d_other__,stata,1
s4g5e_other__,stata,1
educ_yrs_,stata,1
ed_start_,stata,1
ed_confirm_child_,stata,1
not_child_,stata,1
chosen_child_,stata,1
other_child_,stata,1
child_gender_,stata,1
child_age_,stata,1
child_relation_,stata,1
ed1_,stata,1
ed2_,stata,1
ed3_expectation_,stata,1
child_job_desire_,stata,1
own_ed1_,stata,1
own_ed2_,stata,1
own_ed_other_,stata,1
match_name_int_,stata,1
s4g5c_1_,stata,1
s4g5d_1_,stata,1
childincome_school_,stata,1
childincome_uni_,stata,1
expectations_childincome_,stata,1
s4g5c_other_1_,stata,1
s4g5d_cl_1_,stata,1
s4g5d_income_1_,stata,1
s45c_same_,stata,1
s4g5c_manipkid_,stata,1
aspirations_educ_,stata,1
expectations_educ_,stata,1
beliefs_aspirations_educ_,stata,1
beliefs_expectations_educ_,stata,1
bel_asp_educ_ss_fin_min_,stata,1
bel_asp_educ_ss_nfin_,stata,1
bel_asp_educ_ss_fin_,stata,1
bel_asp_educ_ss_any_,stata,1
bel_asp_educ_ud_fin_min_,stata,1
bel_asp_educ_ud_fin_,stata,1
bel_asp_educ_ud_any_,stata,1
bel_asp_educ_voc_fin_,stata,1
bel_asp_educ_voc_any_,stata,1
bel_asp_educ_col_fin_,stata,1
bel_asp_educ_col_any_,stata,1
bel_asp_educ_ps_min_,stata,1
bel_asp_educ_pd_,stata,1
bel_exp_educ_ss_fin_min_,stata,1
bel_exp_educ_ss_nfin_,stata,1
bel_exp_educ_ss_fin_,stata,1
bel_exp_educ_ss_any_,stata,1
bel_exp_educ_ud_fin_min_,stata,1
bel_exp_educ_ud_fin_,stata,1
bel_exp_educ_ud_any_,stata,1
bel_exp_educ_voc_fin_,stata,1
bel_exp_educ_voc_any_,stata,1
bel_exp_educ_col_fin_,stata,1
bel_exp_educ_col_any_,stata,1
bel_exp_educ_ps_min_,stata,1
bel_exp_educ_pd_,stata,1
dup_bel_child_,stata,1
keep_child_,stata,1
tag_manipkid_,stata,1
area_long_E,stata,1
quantprod_cowpeas_l_goro,stata,1
quantprod_cowpeas_goro,stata,1
quantprod_groundnuts_goro,stata,1
quantprod_indveg_goro,stata,1
quantprod_cassava_goro,stata,1
s14_mature_price_CattleMi,stata,1
s14_purchased_CattleMi,stata,1
s14_sold_Chicken,stata,1
s14_purchased_other,stata,1
livestock_prod_price_Blood,stata,1
livestock_prod_price_Honey,stata,1
livestock_prod_price_Wool,stata,1
s14_mat_val_all_CattleMi,stata,1
manyiv,stata,1
ylim,stata,1
err2,stata,1
save_error,stata,1
overall_effect,stata,1
cband_type,stata,1
g22,stata,1
g33,stata,1
g44,stata,1
g55,stata,1
g66,stata,1
g77,stata,1
d22,stata,1
d33,stata,1
d44,stata,1
d55,stata,1
d66,stata,1
d77,stata,1
_regress,stata,1
MLIKelihood,stata,1
FULLsupport,stata,1
NOPlot,stata,1
Second,stata,1
savekp,stata,1
CASEControl,stata,1
FULLoutput,stata,1
NODELTAMethod,stata,1
NOLEGEND,stata,1
NOWARNing,stata,1
ESTSTOre,stata,1
BCA,stata,1
logit_10,stata,1
boot,stata,1
mlikelihood,stata,1
second,stata,1
Common,stata,1
MLikelihood,stata,1
SAVEPRopensity,stata,1
noPlot,stata,1
noBOot,stata,1
bca,stata,1
ranktest2,stata,1
CvM_stat,stata,1
kill,stata,1
stderr_calibration,python,1
KMRSData,python,1
OptStab_FlexiblePrices,python,1
OptStab_Baseline,python,1
OptStab_search,python,1
DetSimul,python,1
Perturbation,python,1
tol,stata,1
maxiter,stata,1
Wdlog_X_ALLC,stata,1
ciatest,stata,1
ciacs,stata,1
getaway,stata,1
lissyrtools,r,1
x_min,stata,1
x_max,stata,1
nbins_l,stata,1
scale_l,stata,1
y,stata,1
x_l,stata,1
y_l,stata,1
rp_l,stata,1
rp_r,stata,1
wh_r,stata,1
w_h_l,stata,1
eY_l,stata,1
eX_l,stata,1
W_h_l,stata,1
u_l,stata,1
R_p_l,stata,1
L_l,stata,1
invG_p_l,stata,1
Z_r,stata,1
D_l,stata,1
U_p_l,stata,1
beta_p_l,stata,1
beta_p_r,stata,1
ZWD_p_l,stata,1
ZWD_p_r,stata,1
colsZ,stata,1
UiGU_p_l,stata,1
UiGU_p_r,stata,1
ZWZ_p_l,stata,1
ZWZ_p_r,stata,1
ZWY_p_l,stata,1
ZWY_p_r,stata,1
ZWZ_p,stata,1
ZWY_p,stata,1
gamma_p,stata,1
s_Y,stata,1
nplot,stata,1
x_plot_l,stata,1
x_plot_r,stata,1
rplot_l,stata,1
rplot_r,stata,1
y_plot_l,stata,1
y_plot_r,stata,1
rk_l,stata,1
rk_r,stata,1
gamma_k1_l,stata,1
gamma_k2_l,stata,1
gamma_k1_r,stata,1
gamma_k2_r,stata,1
mu0_k1_l,stata,1
mu0_k1_r,stata,1
mu0_k2_l,stata,1
mu0_k2_r,stata,1
drk_l,stata,1
drk_r,stata,1
x_bar_i_l,stata,1
x_bar_i_r,stata,1
drk_i_l,stata,1
drk_i_r,stata,1
mu0_i_hat_l,stata,1
mu0_i_hat_r,stata,1
mu2_i_hat_l,stata,1
mu2_i_hat_r,stata,1
mu0_hat_l,stata,1
mu0_hat_r,stata,1
mu2_hat_l,stata,1
mu2_hat_r,stata,1
mu1_hat_l,stata,1
mu1_hat_r,stata,1
sigma2_hat_l_bar,stata,1
sigma2_hat_r_bar,stata,1
sigma2_hat_l,stata,1
sigma2_hat_r,stata,1
var_y_l,stata,1
var_y_r,stata,1
B_es_hat_dw,stata,1
V_es_hat_dw,stata,1
V_es_chk_dw,stata,1
J_es_hat_dw,stata,1
J_es_chk_dw,stata,1
B_qs_hat_dw,stata,1
V_qs_hat_dw,stata,1
V_qs_chk_dw,stata,1
J_qs_hat_dw,stata,1
J_qs_chk_dw,stata,1
J_es_hat_mv,stata,1
J_es_chk_mv,stata,1
J_qs_hat_mv,stata,1
J_qs_chk_mv,stata,1
Our,stata,1
Rarieda,stata,1
fyear,stata,1
capiq_foundation_year,stata,1
id_ceo,stata,1
tot_apps,stata,1
dv_has_ec_info,stata,1
ebitda,stata,1
ppegt,stata,1
capex,stata,1
rnd,stata,1
rstkgrnt,stata,1
stock_awards_fv,stata,1
frac_incent_comp_fs,stata,1
cash_n_equiv,stata,1
curr_portion_lt_debt,stata,1
tot_equity,stata,1
tot_curr_assets,stata,1
repu_common_shares,stata,1
repu_pref_shares,stata,1
bank_debt,stata,1
undrawn_revolving_credit,stata,1
sub_bonds_n_notes,stata,1
curr_home_taxes,stata,1
def_foreign_taxes,stata,1
cash_taxes_paid,stata,1
basic_eps,stata,1
ebit,stata,1
int_pt,stata,1
rd.categorical,r,1
jackman-bayes,r,1
bayesjackman,r,1
lodown,r,1
AFA,stata,1
t521000,stata,1
t731301,stata,1
t520003,stata,1
t66800a,stata,1
t514005,stata,1
t527032,stata,1
t34005a,stata,1
t34001f_g1,stata,1
th34380,stata,1
t320005,stata,1
t32405k,stata,1
t320475,stata,1
t320435,stata,1
t413500,stata,1
t321103,stata,1
t66207a,stata,1
t66207j,stata,1
t66208b,stata,1
t30160g,stata,1
t743027,stata,1
t31370c,stata,1
d_retired,stata,1
t733001_v1,stata,1
t741001,stata,1
age,stata,1
pwslocation,stata,1
pdev,stata,1
unitconstructioncost,stata,1
unitlicensingcost,stata,1
ycommon,stata,1
treatcontrol,stata,1
np_county,stata,1
lndensity,stata,1
LRMODEL,stata,1
_parse_iterlog,stata,1
_check_lrmodel,stata,1
PDFLATEX,stata,1
SCRIPT_DIR,stata,1
FIGURES_DIR,stata,1
tex_files,stata,1
tex_path,stata,1
pdf_name,stata,1
pdf_path,stata,1
aux_extensions,stata,1
aux_file,stata,1
pscorex,stata,1
absMV,stata,1
demshare1,stata,1
losing_candidate_gender,stata,1
sponsor_state_abbrev,stata,1
pct_cosponsors_opposite,stata,1
pct_cosponsors_leader,stata,1
avgtenure_cosponsors,stata,1
numb_cosponsors_rookie,stata,1
pct_cosponsors_rookie,stata,1
numb_cosponsors_fem,stata,1
numb_cosponsors_samedate_opp,stata,1
intro_date,stata,1
women_friend1,stata,1
cosponsor_age,stata,1
cosp_name_clean,stata,1
cosp_losing_candidate_clean_cqq,stata,1
cosp_sample1,stata,1
cosp_tot_pop,stata,1
cosp_lninc,stata,1
cosp_charisma_winner,stata,1
cosp_rep_incumbent_cqq,stata,1
cosp_military,stata,1
nbills_cosponsored,stata,1
nbills_cosponsored_fem,stata,1
cosp_MV1_female,stata,1
cosp_MV1_female__3,stata,1
cosp_MV1_female_bins,stata,1
sponsor_state_icpsr,stata,1
sponsor_ndistinct_cosponsors,stata,1
programm,stata,1
wordwrap,stata,1
onlineldavb,python,1
_msparse,stata,1
X1_var,stata,1
X2_var,stata,1
Z1_var,stata,1
nobs,stata,1
z_variables,stata,1
xz_variables,stata,1
ID,stata,1
rdclass,stata,1
sigma2,stata,1
opt_criterion,stata,1
beta,stata,1
se_method,stata,1
j,stata,1
t0,stata,1
opt,stata,1
kernCmu,stata,1
kernCnu,stata,1
kernCpi,stata,1
kernCpmse,stata,1
kernC,stata,1
rreplace,stata,1
ConsHighTariff,stata,1
ConsLowTariff,stata,1
ConsUniTariff,stata,1
EnergyExpenditure,stata,1
EnergyPriceExpenditure,stata,1
PriceExpendHT,stata,1
PriceExpendLT,stata,1
PriceExpendUT,stata,1
GridExpenditure,stata,1
TaxExpenditure,stata,1
KEVExpenditure,stata,1
r7,stata,1
r8,stata,1
r9,stata,1
r10,stata,1
r11,stata,1
r12,stata,1
r13,stata,1
r14,stata,1
r15,stata,1
r16,stata,1
r17,stata,1
TaxableIncome,stata,1
TotalWealth,stata,1
CantonalTax,stata,1
MunicipalTax,stata,1
FederalTax,stata,1
EN_cons_se,stata,1
bill_total,stata,1
bill_total_se,stata,1
bill_el_total,stata,1
bill_grid_total,stata,1
bill_share_fixfee,stata,1
bill_frac_of_income,stata,1
age_main,stata,1
hhsize,stata,1
PVinstall,stata,1
heating_electric,stata,1
heating_heatpump,stata,1
heating_oil,stata,1
water_electric,stata,1
water_heatpump,stata,1
water_oil,stata,1
numappart,stata,1
NumbObs,stata,1
prehead,stata,1
EN_cons,stata,1
PVProd,stata,1
PercOC,stata,1
PercAuton,stata,1
OCkwh,stata,1
v2,stata,1
v3,stata,1
v4,stata,1
v5,stata,1
v6,stata,1
v7,stata,1
v8,stata,1
v9,stata,1
v10,stata,1
then,stata,1
up,stata,1
Multply,stata,1
and,stata,1
or,stata,1
will,stata,1
some,stata,1
But,stata,1
fdzinstall,stata,1
ddtiming,stata,1
Census_comparison_utilities_new,python,1
ITT_regressions,python,1
GMM_helper,python,1
data_prep,python,1
GMM_empirical,python,1
LFD_post,python,1
pop_immig_start,stata,1
pop_adult_start,stata,1
pop_young_start,stata,1
pop_young_males_start,stata,1
pop_young_females_start,stata,1
refugee_ieland,stata,1
date_immigration_father,stata,1
first_year_in_registers,stata,1
pnrHH_at_assignment,stata,1
Worker,stata,1
Industry,stata,1
FIDBreakevenOilPriceUSDbbl,stata,1
onoffshore,stata,1
Pitch_break_y,stata,1
gameVenueID,stata,1
Pitch_type,stata,1
gameHomeTeamID,stata,1
gameDateLocal,stata,1
PitchHomeTeamRuns_X,stata,1
PitchAwayTeamRuns_X,stata,1
PitchCountGameTotal_X,stata,1
TotalCalls_X,stata,1
TotalLeverage_Sim_X,stata,1
noautosumm,stata,1
NumberDecisions,stata,1
NumberCorrectDecisions,stata,1
TotalLeverage,stata,1
MeanNumberDecisions,stata,1
MeanTotalLeverage,stata,1
NumberOfGames,stata,1
TotalNumberDecisions,stata,1
TotalCorrectDecisions,stata,1
GameTotalPitches,stata,1
InningTotalPitches,stata,1
GameFuturePitches,stata,1
GameAvgFutureChangeInWinProb,stata,1
InningFuturePitches,stata,1
InningAvgFutureChangeInWinProb,stata,1
FutureGameCount,stata,1
ChangeInWinProb,stata,1
GameFutureChangeInWinProb,stata,1
Pitch_Outcome_Description,stata,1
parseGames,python,1
parseInning,python,1
parsePlayers,python,1
parseBoxscore,python,1
BAND_START,stata,1
BAND_END,stata,1
inning,stata,1
fe,stata,1
InningFutureLeverage_SimJEA,stata,1
InningActRunningLeverage_Sim,stata,1
mills,stata,1
i,r,1
r0_hhsize,stata,1
r0_rooms,stata,1
avg_motheredu_2m2006,stata,1
tuition_08_imp1,stata,1
log_tuition,stata,1
rdwinselect,stata,1
rdrandinf,stata,1
rdsensitivity,stata,1
dlsp_taxable_income_lossdf,stata,1
speccurve,stata,1
dist2004,stata,1
dist5026,stata,1
dist8019,stata,1
dist9010,stata,1
dist11037,stata,1
dist13017,stata,1
dist13057,stata,1
dist14124,stata,1
dist15065,stata,1
dist15099,stata,1
dist16088,stata,1
dist19015,stata,1
dist19042,stata,1
dist20079,stata,1
dist21041,stata,1
dist24028,stata,1
dist26018,stata,1
dist27014,stata,1
dist28022,stata,1
dist30003,stata,1
dist30059,stata,1
dist30099,stata,1
dist30190,stata,1
dist32036,stata,1
dist5006,stata,1
dist8001,stata,1
dist9002,stata,1
dist11042,stata,1
dist13021,stata,1
dist13060,stata,1
dist15001,stata,1
dist15061,stata,1
dist15093,stata,1
dist16069,stata,1
dist19020,stata,1
dist19047,stata,1
dist20198,stata,1
dist21057,stata,1
dist24032,stata,1
dist27006,stata,1
dist28019,stata,1
dist29023,stata,1
dist30054,stata,1
dist30094,stata,1
dist30204,stata,1
mod1_fcts,python,1
fixed,stata,1
cifar_helper,python,1
best_response_dynamics,python,1
log_likelihood_MPEC,python,1
cupid_math_utils,python,1
estimate_model,python,1
analyze_results,python,1
solve_for_mus,python,1
fcmnl_specifs,python,1
lnod3,stata,1
ldur3,stata,1
nodl3,stata,1
durl3,stata,1
stib,stata,1
generate_embeddings,python,1
listex,stata,1
tenure0,stata,1
tenure,stata,1
opponent_total,stata,1
platformdynorig,stata,1
make_liquid_wealth,python,1
EstimAggFiscalModel,python,1
ConsMarkovModel,python,1
Welfare,python,1
SetupParamsCSTW,python,1
scantrack_market_code,stata,1
dvt_between_exp,stata,1
cvt_between_cheapest,stata,1
product_module_code,stata,1
dpst,stata,1
spell_12m,stata,1
dvt_biny,stata,1
idst,stata,1
cvt_binb2,stata,1
sgdt,stata,1
product_group_code,stata,1
dvt_biny2,stata,1
ipst,stata,1
cvt_binb3,stata,1
dvt_binb3,stata,1
ct_binb3,stata,1
sddt,stata,1
dt_new_pm,stata,1
removal_wqbin,stata,1
datazoom_censo,stata,1
vs,stata,1
need,stata,1
ru,stata,1
Deflactormaquinariayequipoan,stata,1
PIBaprecioscorrientesMillon,stata,1
BE,stata,1
PIBapreciosconstantesbase19,stata,1
PIBaprecioscorrientesbase19,stata,1
r95,stata,1
r172,stata,1
r180,stata,1
r131,stata,1
r115,stata,1
rr47,stata,1
dacuedi,stata,1
cumdb,stata,1
propmfeb,stata,1
dirmfeb,stata,1
admmfeb,stata,1
ninmfeb,stata,1
venmfeb,stata,1
sermfeb,stata,1
termfeb,stata,1
propwfeb,stata,1
dirwfeb,stata,1
admwfeb,stata,1
ninwfeb,stata,1
venwfeb,stata,1
serwfeb,stata,1
terwfeb,stata,1
submfeb,stata,1
subwfeb,stata,1
manmfeb,stata,1
manwfeb,stata,1
subadmmfeb,stata,1
subadmwfeb,stata,1
propm_average,stata,1
trauxm_average,stata,1
ncadsum_average,stata,1
domm_average,stata,1
trauxw_average,stata,1
ncadsuw_average,stata,1
vensubw_average,stata,1
ncaisum_average,stata,1
adsem_average,stata,1
prdimfeb,stata,1
trauxmfeb,stata,1
adsemfeb,stata,1
subespmfeb,stata,1
ncadsumfeb,stata,1
ncaisumfeb,stata,1
mansubmfeb,stata,1
auxsubmfeb,stata,1
subadsemfeb,stata,1
spersubmfeb,stata,1
vensubmfeb,stata,1
prdiwfeb,stata,1
trauxwfeb,stata,1
adsewfeb,stata,1
subespwfeb,stata,1
ncadsuwfeb,stata,1
ncaisuwfeb,stata,1
mansubwfeb,stata,1
auxsubwfeb,stata,1
subadsewfeb,stata,1
spersubwfeb,stata,1
vensubwfeb,stata,1
dirm1t,stata,1
admcomm4t,stata,1
domh1t,stata,1
hrexesp,stata,1
hrsnocald,stata,1
hrexaux,stata,1
hrsncisub,stata,1
apoemp,stata,1
sueemp,stata,1
rememp,stata,1
caremp,stata,1
desemp,stata,1
remnocali,stata,1
remmant,stata,1
remncdsub,stata,1
remncisub,stata,1
remmansub,stata,1
remaux,stata,1
remhprop,stata,1
remhadmin,stata,1
remoadmsub,stata,1
hdomval,stata,1
insiva,stata,1
capital_f_stru,stata,1
inv_mach_aux1,stata,1
dsadsads,stata,1
Def_k_buil,stata,1
own_house,stata,1
own_fan,stata,1
income_max,stata,1
survey_month,stata,1
nets_allretreated,stata,1
repayment,stata,1
control_prov_to_prov_does_not_add_up_to_100,stata,1
control_within_prov_does_not_add_up_to_100,stata,1
share_int_mig_within_prov_does_not_add_up_to_100,stata,1
control_province_shares_not_add_up_to_100,stata,1
control_desig_prov_does_not_add_up_to_100,stata,1
jksgfkasdhfhj,stata,1
eta,stata,1
lnearn,stata,1
lnearn_hsd,stata,1
lnearn_hsgp,stata,1
lnearn_col,stata,1
lnearn_pert0to85,stata,1
lnearn_pert85to100,stata,1
lnearn_under45,stata,1
lnearn_over45,stata,1
lnearn_low,stata,1
lnearn_high,stata,1
srhs_345,stata,1
positive_definite,python,1
starpolishr,rmarkdown,1
msacrosswalk,stata,1
r,stata,1
rc,stata,1
OBSOLETE,stata,1
we,stata,1
Avg,stata,1
Explanation,stata,1
asd,stata,1
felsdvreg,stata,1
outregpy,notebook,1
transbreakpoints,stata,1
_find_tsops,stata,1
colon,stata,1
full,stata,1
dirt,stata,1
inadvertently,stata,1
That,stata,1
xxx,stata,1
drop_bonus_rates,stata,1
reg2hdfespatial,stata,1
east_germany_GS,stata,1
risk_love,stata,1
GASOLINE_EXPENSES2017,stata,1
dih_sample_sbee,stata,1
svydescribe,stata,1
covs_drop_coll,stata,1
y_sd,stata,1
x_l_min,stata,1
x_r_min,stata,1
range_l,stata,1
range_r,stata,1
dups_l,stata,1
dupsid_l,stata,1
dZ,stata,1
T,stata,1
C_l,stata,1
indC_l,stata,1
g_l,stata,1
mN,stata,1
bwcheck,stata,1
X_uniq_l,stata,1
X_uniq_r,stata,1
M_l,stata,1
M_r,stata,1
mass_l,stata,1
mass_r,stata,1
bw_max,stata,1
bwcheck_l,stata,1
bwcheck_r,stata,1
bw_min_l,stata,1
bw_min_r,stata,1
c_bw_l,stata,1
C_d_l,stata,1
C_d_r,stata,1
d_bw_s,stata,1
b_bw_s,stata,1
h_bw_s,stata,1
d_bw_d,stata,1
b_bw_d,stata,1
h_bw_d,stata,1
h_mserd,stata,1
b_mserd,stata,1
h_msesum,stata,1
b_msesum,stata,1
h_msetwo_l,stata,1
h_msetwo_r,stata,1
b_msetwo_l,stata,1
b_msetwo_r,stata,1
h_msecomb1,stata,1
b_msecomb1,stata,1
h_msecomb2_l,stata,1
h_msecomb2_r,stata,1
b_msecomb2_l,stata,1
b_msecomb2_r,stata,1
cer_h,stata,1
cer_b,stata,1
h_cerrd,stata,1
b_cerrd,stata,1
h_cersum,stata,1
h_certwo_l,stata,1
h_certwo_r,stata,1
b_certwo_l,stata,1
b_certwo_r,stata,1
h_cercomb1,stata,1
b_cercomb1,stata,1
h_cercomb2_l,stata,1
h_cercomb2_r,stata,1
b_cercomb2_l,stata,1
b_cercomb2_r,stata,1
Warning,stata,1
Thus,stata,1
keepusing,stata,1
edu_anyuni_mum,stata,1
reshanpe,stata,1
ename,stata,1
ee,stata,1
isnar,r,1
due,stata,1
microfinance,stata,1
LyxBuilder,python,1
car11_p,stata,1
car1_dep,stata,1
car11_dep,stata,1
car11_py,stata,1
car1_depy,stata,1
car11_depy,stata,1
instasll,stata,1
rblm,r,1
checksum,stata,1
MarkovTools,python,1
WealthDistribution,python,1
Specifications,python,1
DistributedLocalSearch,python,1
MapSpace,python,1
