name,language,host,in_registry,n_deposits_installing,n_deposits_loading
grc1leg,stata,stata.com,True,69,60
reghdfe,stata,raw.githubusercontent.com,True,61,50
ftools,stata,raw.githubusercontent.com,True,59,2
ivreghdfe,stata,raw.githubusercontent.com,True,53,42
cleanplots,stata,tdmize.github.io,True,20,0
gr0002_3,stata,stata-journal.com,True,15,0
scheme-modern,stata,raw.githubusercontent.com,True,14,0
binsreg,stata,raw.githubusercontent.com,True,13,13
rdrobust,stata,raw.githubusercontent.com,True,11,7
binscatter2,stata,raw.githubusercontent.com,True,10,8
st0085_2,stata,stata-journal.com,True,10,0
lpdensity,stata,raw.githubusercontent.com,True,9,0
rscript,stata,raw.githubusercontent.com,True,9,8
cjpowR,r,github.com,False,8,8
rddensity,stata,raw.githubusercontent.com,True,8,8
sg97_5,stata,stata-journal.com,True,8,0
cregg,r,github.com,True,7,6
starpolishr,r,github.com,False,7,4
HonestDiD,r,github.com,True,6,6
clarify,stata,gking.harvard.edu,True,6,0
gr0034,stata,stata-journal.com,True,6,0
matrix_to_txt,stata,raw.githubusercontent.com,True,6,3
outreg2,stata,fmwww.bc.edu,True,6,4
parallel,stata,raw.github.com,True,6,1
preliminaries,stata,raw.githubusercontent.com,True,6,0
require,stata,raw.githubusercontent.com,True,6,4
catcibar,stata,aarondwolf.github.io,True,5,4
exr,r,github.com,False,5,5
grc1leg2,stata,digital.cgdev.org,True,5,4
gtools,stata,(local path or macro),True,5,1
polychoric,stata,staskolenikov.net,True,5,5
rdrobust,stata,sites.google.com,True,5,4
vdemdata,r,github.com,False,5,3
acreg,stata,acregstata.weebly.com,True,4,2
amen,r,github.com,True,4,2
dm0082,stata,stata-journal.com,True,4,0
dm7,stata,stata.com,True,4,0
dm79,stata,stata.com,True,4,0
dm88_1,stata,stata-journal.com,True,4,0
estout,stata,fmwww.bc.edu,True,4,1
ftools,stata,github.com,True,4,1
gr0059_1,stata,stata-journal.com,True,4,0
lincomestadd,stata,github.com,True,4,4
reghdfe,stata,(local path or macro),True,4,4
socsci,r,github.com,False,4,4
xfill,stata,sealedenvelope.com,True,4,3
DCPOtools,r,github.com,False,3,3
KBAL,r,github.com,False,3,1
Kmisc,r,github.com,True,3,3
LalRUtils,r,github.com,False,3,3
MatchingFrontier,r,github.com,True,3,3
asdoc,stata,fintechprofessor.com,True,3,3
augsynth,r,github.com,False,3,2
blindschemes_fix,stata,digital.cgdev.org,True,3,0
cmdstanr,r,github.com,False,3,3
extrafont,r,github.com,True,3,0
facetscales,r,github.com,False,3,3
fect,r,github.com,True,3,2
fect,stata,raw.githubusercontent.com,True,3,3
fontcm,r,github.com,True,3,0
ftools,stata,(local path or macro),True,3,2
ggthemr,r,github.com,False,3,3
github,stata,haghish.github.io,True,3,0
gr0070,stata,stata-journal.com,True,3,0
grinter,stata,myweb.uiowa.edu,False,3,3
gtools,stata,raw.githubusercontent.com,True,3,1
honestdid,stata,raw.githubusercontent.com,True,3,3
ivreghdfe,stata,(local path or macro),True,3,3
rcall,stata,github.com,False,3,3
rego,stata,marco-sunder.de,True,3,3
save_data,stata,raw.githubusercontent.com,True,3,2
schemepack,stata,raw.githubusercontent.com,True,3,0
st0366_1,stata,stata-journal.com,True,3,0
synthdid,r,github.com,False,3,3
tf,stata,princeton.edu,True,3,3
yaml,stata,raw.githubusercontent.com,True,3,0
zscore,stata,stata.com,True,3,3
GSSU,stata,jcsuarez.com,True,2,0
MCPanel,r,github.com,False,2,2
McSpatial,r,cran.r-project.org,True,2,2
PanelMatch,r,github.com,True,2,2
Rvoteview,r,github.com,False,2,1
Zelig,r,cran.r-project.org,True,2,0
adolist,stata,fmwww.bc.edu,True,2,2
allston,stata,raw.githubusercontent.com,True,2,0
attritevis,r,github.com,False,2,1
cappelenR,r,github.com,False,2,2
coefplot,stata,fmwww.bc.edu,True,2,2
collin,stata,stats.idre.ucla.edu,True,2,2
colrspace,stata,raw.githubusercontent.com,True,2,0
countrycode,r,github.com,True,2,2
democracyData,r,github.com,False,2,2
dplyr,r,cran.r-project.org,True,2,2
estimate_supt_critical_value,stata,raw.githubusercontent.com,True,2,2
estout,stata,(local path or macro),True,2,0
evalid,r,github.com,False,2,2
factorEx,r,github.com,True,2,2
fastplm,r,github.com,False,2,0
gesisdata,r,github.com,True,2,2
gllamm,stata,gllamm.org,True,2,1
grc1leg2,stata,fmwww.bc.edu,True,2,2
lassopack,stata,raw.githubusercontent.com,True,2,0
mat2txt,stata,fmwww.bc.edu,True,2,2
multe,stata,(local path or macro),True,2,1
multe,stata,raw.githubusercontent.com,True,2,2
muniSpain,r,github.com,False,2,0
nepstools,stata,nocrypt.neps-data.de,True,2,0
optrdd,r,github.com,True,2,2
palettes,stata,raw.githubusercontent.com,True,2,0
pdslasso,stata,raw.githubusercontent.com,True,2,2
pewmethods,r,github.com,False,2,2
psweight,stata,fmwww.bc.edu,True,2,2
quanteda,r,github.com,True,2,2
quanteda.sentiment,r,github.com,False,2,2
randomizr,r,cran.r-project.org,True,2,2
rbow,r,github.com,False,2,2
ritest,stata,raw.githubusercontent.com,True,2,2
sensemakr,r,github.com,True,2,2
simcf,r,faculty.washington.edu,False,2,2
standardizecountries,r,github.com,False,2,0
stargazer-booktabs,r,github.com,False,2,0
stm,r,cran.r-project.org,True,2,2
tabmiss,stata,stats.oarc.ucla.edu,True,2,2
taxsim35,stata,nber.org,True,2,2
taxsim9,stata,nber.org,False,2,1
tjbal,r,github.com,False,2,2
urbnmapr,r,github.com,False,2,2
wpmarble,r,github.com,False,2,2
wyoung,stata,raw.githubusercontent.com,True,2,2
zipWRUext,r,github.com,False,2,0
BalanceR,r,github.com,False,1,1
CGPfunctions,r,github.com,True,1,1
COGugaison,r,github.com,False,1,1
CaugheyTools,r,github.com,False,1,1
DCdensity,stata,raw.githubusercontent.com,True,1,1
DMwR,r,github.com,True,1,1
ERT,r,github.com,False,1,1
EyeMetrics,r,github.com,False,1,1
FEShR,r,github.com,False,1,1
FactorHet,r,github.com,True,1,1
GuidedLDA,python,github.com,True,1,0
HonestDiDFEct,r,github.com,False,1,1
Intranet,r,github.com,False,1,0
KRLS,r,github.com,True,1,0
LSS,r,(local path or macro),False,1,1
MapColoring,r,github.com,False,1,1
Matrix,r,cran.r-project.org,True,1,1
MedBounds,r,github.com,False,1,1
ModelCriticism,r,github.com,False,1,1
NetMix,r,github.com,True,1,1
PlotEyeFix,r,github.com,False,1,1
PlotEyeScan,r,github.com,False,1,1
PrivacyUnbiased,r,github.com,False,1,1
RWmisc,r,github.com,True,1,1
Rgeogram,r,github.com,False,1,1
RobustSE,r,github.com,False,1,1
SCtools,r,github.com,True,1,1
StanCat,r,github.com,False,1,1
StataConfig,stata,raw.githubusercontent.com,True,1,0
Statamarkdown,r,github.com,True,1,1
SurvSetup,r,github.com,False,1,0
TestMechs,r,github.com,False,1,1
USAboundariesData,r,github.com,False,1,0
VCBART,r,github.com,True,1,1
Zelig,r,github.com,True,1,1
ZeligChoice,r,cran.r-project.org,True,1,1
Zheng_10223,r,github.com,False,1,0
add-ons,r,github.com,False,1,0
alluvialplots,r,github.com,False,1,1
arcdiagram,r,github.com,False,1,1
arvig,r,github.com,False,1,1
balanceHD,r,github.com,False,1,1
balancetable,stata,fmwww.bc.edu,True,1,1
benchmark,stata,raw.githubusercontent.com,True,1,0
bettermc,r,github.com,True,1,1
bfe,r,github.com,False,1,1
binscatter,stata,fmwww.bc.edu,True,1,1
bipartite_plots,r,github.com,False,1,0
blindschemes,stata,fmwww.bc.edu,True,1,0
bokner,r,github.com,False,1,1
boottest,stata,raw.github.com,True,1,1
bpCausal,r,github.com,False,1,1
bpcs,r,github.com,True,1,1
brmstools,r,github.com,False,1,1
build_recode_template,stata,raw.githubusercontent.com,True,1,0
cWise,r,github.com,False,1,1
calibratedMRP,r,github.com,False,1,1
carryforward,stata,fmwww.bc.edu,True,1,0
causalDML,r,github.com,False,1,1
causalTree,r,github.com,False,1,1
ccount,stata,home.gwu.edu,False,1,1
cf_mg,stata,raw.githubusercontent.com,True,1,0
checkdta,stata,raw.githubusercontent.com,True,1,0
cibar,stata,fmwww.bc.edu,True,1,0
ciplot,stata,fmwww.bc.edu,True,1,1
clarify,stata,myweb.uiowa.edu,True,1,0
clusterbs,stata,fmwww.bc.edu,True,1,1
clusterbs,stata,gking.harvard.edu,True,1,1
clusterid,stata,home.gwu.edu,False,1,1
clustse,stata,fmwww.bc.edu,True,1,0
clustse,stata,gking.harvard.edu,True,1,0
clutils,stata,teaching.sociology.ul.ie,True,1,0
colmaps,r,github.com,False,1,1
combomarginsplot,stata,fmwww.bc.edu,True,1,1
commarobust,r,github.com,False,1,1
compactness,r,github.com,False,1,1
compactr,r,github.com,True,1,1
compareGroups,r,github.com,True,1,1
conjointdatachecks,r,github.com,False,1,1
coolorrr,r,github.com,False,1,1
coverage,r,github.com,False,1,1
coxed,r,github.com,True,1,1
cregg,r,cran.r-project.org,True,1,1
csafethemes,r,github.com,False,1,0
csdid,stata,(local path or macro),True,1,1
csdid,stata,fmwww.bc.edu,True,1,1
csdid2,stata,(local path or macro),False,1,1
cutby,stata,raw.githubusercontent.com,True,1,0
dasp_p1,stata,dasp.ecn.ulaval.ca,False,1,0
dasp_p2,stata,dasp.ecn.ulaval.ca,False,1,0
dasp_p3,stata,dasp.ecn.ulaval.ca,False,1,0
dasp_p4,stata,dasp.ecn.ulaval.ca,False,1,0
datazoom_social,stata,raw.githubusercontent.com,True,1,0
dbmm,r,github.com,False,1,1
dbw,r,github.com,True,1,1
dcr,r,github.com,False,1,1
dgo,r,github.com,True,1,1
did_multiplegt_dyn,stata,(local path or macro),True,1,1
did_multiplegt_stat,r,github.com,False,1,0
dm0080,stata,stata-journal.com,True,1,0
dm0090,stata,stata-journal.com,True,1,0
dm13,stata,stata.com,True,1,0
dm83,stata,stata.com,True,1,0
dm89_2,stata,stata-journal.com,True,1,0
dmetar,r,github.com,False,1,1
dml.sensemakr,r,github.com,False,1,1
dmout,stata,fmwww.bc.edu,True,1,1
doStata,r,github.com,False,1,1
dobatch,stata,raw.githubusercontent.com,True,1,1
dta_to_txt,stata,raw.githubusercontent.com,True,1,0
dummy_missings,stata,raw.githubusercontent.com,True,1,0
dyadclust,stata,raw.githubusercontent.com,True,1,1
easyGgplot2,r,github.com,False,1,1
educationdata,stata,urbaninstitute.github.io,True,1,1
egenmore,stata,fmwww.bc.edu,True,1,0
elecciones,r,github.com,False,1,0
emfdscore,python,github.com,False,1,1
emo,r,github.com,False,1,1
ereplace,stata,fmwww.bc.edu,True,1,1
esplot,stata,raw.githubusercontent.com,True,1,0
estout,stata,gking.harvard.edu,True,1,0
estout,stata,raw.githubusercontent.com,True,1,0
estsubpop,r,github.com,False,1,1
eumaps,r,github.com,False,1,1
eums,r,github.com,False,1,1
eventStudy,r,github.com,False,1,1
everypoliticianR,r,github.com,False,1,1
fapara,stata,stats.oarc.ucla.edu,True,1,0
fastLink,r,github.com,True,1,1
fdzinstall,r,github.webapp.dst.baintern.de,False,1,1
fillby,stata,raw.githubusercontent.com,True,1,0
fprank,stata,fmwww.bc.edu,True,1,1
games2,r,github.com,False,1,1
genderizeR,r,github.com,True,1,1
genlistvar,stata,raw.githubusercontent.com,True,1,0
geodist,stata,fmwww.bc.edu,True,1,1
getaway,stata,raw.githubusercontent.com,True,1,1
ggbiplot,r,github.com,True,1,1
ggbrace,r,github.com,True,1,1
ggeffects,r,github.com,True,1,1
ggflags,r,github.com,False,1,1
ggminimal,r,github.com,False,1,1
ggmosaic,r,github.com,True,1,0
ggnet,r,github.com,False,1,0
ggordiplots,r,github.com,True,1,1
ggpattern,r,github.com,True,1,1
ggplot2,r,cran.r-project.org,True,1,1
ggradar,r,github.com,False,1,1
ggsflabel,r,github.com,False,1,1
gph2xl,stata,digital.cgdev.org,True,1,1
gr0002,stata,stata-journal.com,True,1,0
gr0056,stata,stata-journal.com,True,1,0
gr0059,stata,stata-journal.com,True,1,0
gr0073,stata,stata-journal.com,True,1,0
grf,r,github.com,True,1,1
groundhog,r,cran.r-project.org,True,1,1
groundhog,r,github.com,True,1,1
groupreg,stata,(local path or macro),False,1,1
gsfuns,r,github.com,False,1,1
gsl,r,cran.r-project.org,True,1,1
gsynth,r,github.com,True,1,0
gt,r,github.com,True,1,1
hIRT,r,github.com,True,1,1
hapr-a362283.tar.gz,r,github.com,False,1,0
haschaR,r,github.com,False,1,1
haven,r,cran.r-project.org,True,1,1
hbal,r,github.com,True,1,1
igraphUtils,r,github.com,False,1,0
infoelectoral,r,github.com,True,1,0
insert_tag,stata,raw.githubusercontent.com,True,1,0
interflex,r,cran.r-project.org,True,1,1
interflex,r,github.com,True,1,1
inters,r,cran.r-project.org,True,1,1
inters,r,github.com,True,1,1
ipe_PA.tar.gz,r,sites.google.com,False,1,0
ivcvscore,stata,raw.githubusercontent.com,True,1,1
ivpack,r,cran.r-project.org,True,1,1
ivpack,r,github.com,True,1,1
ivreghdfe,stata,raw.github.com,True,1,1
jackman-bayes,r,github.com,False,1,0
jiebaR,r,github.com,True,1,1
jiebaRD,r,github.com,True,1,1
kbal,r,github.com,True,1,0
keyATM,r,github.com,True,1,1
knitroR,r,github.com,False,1,1
leaveout,stata,raw.githubusercontent.com,True,1,0
lemon,r,github.com,True,1,1
lexicon,r,github.com,True,1,0
lfe,r,github.com,True,1,1
load_and_append,stata,raw.githubusercontent.com,True,1,0
load_epiextracts,stata,microdata.epi.org,True,1,1
loadglob,stata,raw.githubusercontent.com,True,1,0
lpdensity,stata,(local path or macro),True,1,1
lpdensity,stata,sites.google.com,True,1,0
lpinfer,r,github.com,False,1,1
makereproducible,r,github.com,False,1,1
mapDK,r,github.com,True,1,1
mapchina,r,github.com,True,1,1
mat2tex,stata,raw.githubusercontent.com,True,1,1
matmap,stata,fmwww.bc.edu,True,1,1
mdrd,stata,sites.google.com,False,1,1
mediascores,r,github.com,False,1,1
megamerge,stata,github.com,False,1,1
mellonMisc,r,github.com,False,1,1
ml4_ado,stata,stata-press.com,True,1,1
mnlresp,r,sites.google.com,False,1,1
modelsummary,r,cran.r-project.org,True,1,1
moremata,stata,fmwww.bc.edu,True,1,0
moremata,stata,raw.githubusercontent.com,True,1,0
msacrosswalk,stata,raw.github.com,True,1,1
multical,r,github.com,False,1,1
multienrichjam,r,github.com,False,1,1
multilayer.ergm,r,github.com,False,1,1
mvtnorm,r,cran.r-project.org,True,1,1
mylabels,stata,fmwww.bc.edu,True,1,1
nbhdmodel,r,github.com,False,1,1
netlit,r,github.com,False,1,1
oc,r,github.com,True,1,0
oo,stata,raw.githubusercontent.com,True,1,0
ooo,stata,raw.githubusercontent.com,True,1,0
oooo,stata,raw.githubusercontent.com,True,1,0
openEnded,r,github.com,False,1,1
osrmtime,stata,(local path or macro),False,1,1
outreg,stata,fmwww.bc.edu,True,1,1
outsum,stata,fmwww.bc.edu,True,1,1
outtable,stata,fmwww.bc.edu,True,1,1
palmer,r,github.com,False,1,1
paneltools,r,github.com,False,1,1
panelview,r,github.com,False,1,0
parmest,stata,(local path or macro),True,1,1
patchwork,r,github.com,True,1,1
plotcoeffs,stata,raw.githubusercontent.com,True,1,0
plotcoeffs_nolab,stata,raw.githubusercontent.com,True,1,0
preText,r,github.com,True,1,1
predict_list,stata,raw.githubusercontent.com,True,1,0
projoint,r,github.com,True,1,1
propsdid,r,github.com,False,1,1
pwtest,r,github.com,False,1,1
quanteda,r,cran.rstudio.com,True,1,1
quanteda.corpora,r,github.com,False,1,1
quanteda.dictionaries,r,github.com,False,1,1
quanteda.textmodels,r,github.com,True,1,1
quanteda.textplots,r,github.com,True,1,1
qvalue,r,github.com,True,1,1
rPython,r,github.com,True,1,0
ragree,r,github.com,False,1,0
randomForestCI,r,github.com,False,1,1
rankingQ,r,github.com,False,1,1
rankunique,stata,raw.githubusercontent.com,True,1,0
rddensity,stata,(local path or macro),True,1,1
rddensity,stata,sites.google.com,True,1,1
rdhonest,stata,raw.githubusercontent.com,True,1,1
rdhte,stata,raw.githubusercontent.com,True,1,1
rdlocrand,stata,raw.githubusercontent.com,True,1,0
rdmulti,stata,raw.githubusercontent.com,True,1,0
rdrobust,stata,(local path or macro),True,1,1
rdrobust,stata,www-personal.umich.edu,True,1,1
readability,r,github.com,True,1,1
readme-software,r,github.com,False,1,0
readr,r,cran.r-project.org,True,1,1
readtext,r,github.com,True,1,1
regsave,stata,raw.githubusercontent.com,True,1,1
ren_lab_file,stata,raw.githubusercontent.com,True,1,0
renv,r,cran.r-project.org,True,1,1
require,stata,(local path or macro),True,1,1
risprobit,r,github.com,False,1,1
ritest,stata,fmwww.bc.edu,True,1,1
rlearner,r,github.com,False,1,1
rstan,r,github.com,True,1,1
rtimes,r,github.com,True,1,1
rusmaps,r,github.com,False,1,0
scatterfit,stata,raw.githubusercontent.com,True,1,1
scheme-modern,stata,(local path or macro),True,1,0
scinference,r,github.com,False,1,1
scriptName,r,github.com,True,1,0
sdid,stata,raw.githubusercontent.com,True,1,0
select_observations,stata,raw.githubusercontent.com,True,1,0
semTable,r,github.com,True,1,1
senseweight,r,github.com,True,1,1
separation,r,github.com,False,1,1
seq,stata,fmwww.bc.edu,True,1,1
seqR,r,github.com,True,1,1
sf,r,github.com,True,1,1
sg20,stata,stata.com,True,1,0
sgmediation2,stata,tdmize.github.io,True,1,1
sharesimulatoR,r,github.com,False,1,1
simHelper,r,github.com,False,1,1
simloglm,r,github.com,False,1,1
sjlatex,stata,stata-journal.com,False,1,0
softbib,r,github.com,True,1,1
sortunique,stata,raw.githubusercontent.com,True,1,0
speccurve,stata,raw.githubusercontent.com,True,1,1
spmle,r,github.com,False,1,1
spsR,r,github.com,False,1,1
ssc2,stata,raw.githubusercontent.com,True,1,1
st0035_1,stata,stata-journal.com,True,1,0
st0039,stata,stata-journal.com,True,1,0
st0043_2,stata,stata-journal.com,True,1,0
st0060,stata,stata-journal.com,True,1,0
st0145_2,stata,stata-journal.com,True,1,0
st0366,stata,stata-journal.com,True,1,0
st0458,stata,stata-journal.com,True,1,0
st0460,stata,stata-journal.com,True,1,0
st0522,stata,stata-journal.com,True,1,0
st0565,stata,stata-journal.com,True,1,0
st0594,stata,stata-journal.com,True,1,0
staggered,r,github.com,True,1,1
stdidx,r,github.com,False,1,1
stm,r,github.com,True,1,1
strcompress,stata,raw.github.com,True,1,1
strgroup,stata,raw.githubusercontent.com,True,1,1
suptCriticalValue,r,github.com,False,1,1
sutex,stata,fmwww.bc.edu,True,1,1
syllable,r,github.com,True,1,1
synth,stata,web.stanford.edu,True,1,0
tabmiss,stata,stats.idre.ucla.edu,True,1,1
tagger,r,github.com,False,1,1
taxsim35,stata,taxsim.nber.org,True,1,1
testbad,stata,raw.githubusercontent.com,True,1,0
testgood,stata,raw.githubusercontent.com,True,1,0
texsave,stata,raw.githubusercontent.com,True,1,1
textab,r,github.com,True,1,1
textables,r,github.com,False,1,0
textclean,r,github.com,True,1,0
textreadr,r,github.com,True,1,1
textshape,r,github.com,True,1,0
threadr,r,github.com,False,1,1
ticketsplitJOPpkg,r,github.com,False,1,1
trackr_0.1.0.tar.gzz,r,github.com,False,1,0
uninstall_asdoc,stata,fintechprofessor.com,True,1,1
unique,stata,fmwww.bc.edu,True,1,0
urbnthemes,r,github.com,False,1,1
validateIt,r,github.com,True,1,0
vcovSUR,r,github.com,False,1,1
vdem,r,github.com,False,1,1
vgsg,stata,stata-press.com,True,1,0
voteswitchR,r,github.com,False,1,1
vreverse,stata,fmwww.bc.edu,True,1,1
waffle,r,github.com,True,1,1
wildrwolf,r,github.com,True,1,1
wyoung,stata,fmwww.bc.edu,True,1,1
x13binary,r,cran.r-project.org,True,1,1
xtbreak,stata,janditzen.github.io,True,1,1
