name,language,n_deposits,n_mentions,n_deposits_defining
DCdensity,stata,65,168,10
btscs,stata,57,230,0
vdemdata,r,29,56,0
arcpy,python,28,552,0
ols_spatial_HAC,stata,27,355,6
starpolishr,r,24,73,0
grinter,stata,23,93,0
cmdstanr,r,23,86,0
cgmreg,stata,22,895,3
simcf,r,20,63,0
_regress,stata,14,92,0
beep,stata,14,78,0
reg2hdfespatial,stata,13,232,5
JOBID,stata,13,62,0
gurobi,r,12,50,0
austin,r,11,93,0
The,stata,11,15,0
prchange,stata,9,59,0
quanteda.dictionaries,r,9,17,0
This,stata,9,16,0
xi3,stata,8,71,1
e,stata,8,39,0
ebayes,stata,8,25,4
ffind,stata,8,25,3
Figure,stata,8,24,1
the,stata,8,12,0
Replication,stata,8,8,0
xtfevd,stata,7,1142,1
sigstar,stata,7,771,2
lassoShooting,stata,7,69,5
synthdid,r,7,23,0
arcgisscripting,python,7,16,0
commarobust,r,7,15,0
starbility,r,7,13,0
quanteda.corpora,r,7,12,0
glmmADMB,r,7,11,0
cjpowR,r,7,10,0
a,stata,7,8,0
gslab_make,python,6,1108,0
pstar,stata,6,982,0
soepdrop,stata,6,370,0
Model,stata,6,107,2
psacalc2,stata,6,50,0
from,stata,6,46,0
panelcombine,stata,6,24,5
sartsel,stata,6,24,1
equivtest,r,6,21,0
misschk,stata,6,19,0
urbnmapr,r,6,15,0
tile,r,6,14,0
plotfds,stata,6,10,0
bartik_weight,stata,6,9,6
of,stata,6,8,0
s,stata,6,7,0
dmetar,r,6,6,0
that,stata,6,6,0
soepkeep,stata,5,130,0
qgis,python,5,64,0
guse,stata,5,42,0
hline,stata,5,41,0
gsave,stata,5,40,0
_simp,stata,5,37,4
x_ols,stata,5,29,4
real,stata,5,26,0
ggthemr,r,5,15,0
x,stata,5,15,0
and,stata,5,11,0
rethinking,r,5,11,0
We,stata,5,10,0
A,stata,5,8,0
in,stata,5,7,0
xxx,stata,5,7,0
ggsankey,r,5,5,0
rifreg,stata,4,420,1
dursel,stata,4,43,0
xtileJ,stata,4,37,0
gslab_scons,python,4,36,0
cgmlogit,stata,4,34,0
_cons,stata,4,25,0
not,stata,4,25,0
close,stata,4,24,0
rddisttestk,stata,4,24,2
X,stata,4,20,0
taxsim9,stata,4,20,0
it,stata,4,19,0
_grmiss2,stata,4,15,2
goji,r,4,11,0
rtree,r,4,11,0
already,stata,4,8,0
vms_lib,python,4,8,0
augsynth,r,4,7,0
manyiv,stata,4,7,0
ritest,r,4,7,0
stdidx,r,4,7,0
I,stata,4,6,0
standard2,stata,4,6,0
to,stata,4,6,0
are,stata,4,5,0
dsl,r,4,5,0
haschaR,r,4,5,0
married,stata,4,5,0
this,stata,4,5,0
zipWRUext2,r,4,5,0
democracyData,r,4,4,0
spDataLarge,r,4,4,0
tempfil,stata,4,4,0
void,stata,4,4,0
adolc,python,3,267,0
rreg2,stata,3,206,2
Iteration,stata,3,159,0
edvreg,stata,3,134,1
minq,stata,3,132,2
tostregress,stata,3,119,0
csdid2,stata,3,105,1
portableParallelSeeds,r,3,74,0
ext,stata,3,71,0
praccum,stata,3,58,0
rcall,stata,3,56,3
using,stata,3,43,1
markdoc,stata,3,27,0
pspm,r,3,27,0
Group,stata,3,26,0
_gzanthro,stata,3,22,0
LEDA,r,3,21,0
LR,stata,3,20,1
sgmediation,stata,3,20,0
_renamefile,stata,3,18,0
fdzinstall,stata,3,18,0
nogaps,stata,3,17,0
nwset,stata,3,17,3
recode01,stata,3,15,3
firatheme,r,3,13,0
or,stata,3,13,0
htrc_features,python,3,12,0
tjbal,r,3,12,0
nomep,r,3,11,0
wordVectors,r,3,11,0
bunch_count,stata,3,10,2
k,stata,3,10,0
xx,stata,3,10,1
setref,stata,3,8,0
textscore,stata,3,8,0
wordscore,stata,3,8,0
quanteda.sentiment,r,3,7,0
lbls,stata,3,6,0
rblm,r,3,6,0
string,stata,3,6,0
vals,stata,3,6,0
wdpermissions,stata,3,6,0
year,stata,3,6,0
INLA,r,3,5,0
install,stata,3,5,1
saltr,r,3,5,0
Appendix,stata,3,4,0
ggsflabel,r,3,4,0
Author,stata,3,3,0
SRP,r,3,3,0
There,stata,3,3,0
_nwimport_graphml,stata,3,3,0
asdf,stata,3,3,0
erorr,stata,3,3,0
labs,stata,3,3,0
lb,stata,3,3,0
male,stata,3,3,0
pkg,stata,3,3,0
pkglist,stata,3,3,0
q,stata,3,3,0
since,stata,3,3,0
ss,stata,3,3,0
str,stata,3,3,0
t,stata,3,3,0
v,stata,3,3,0
we,stata,3,3,0
deflate_to,stata,2,174,0
col,stata,2,173,0
Variable,stata,2,87,0
gams,python,2,73,0
python,python,2,70,0
gdxrrw,r,2,69,0
ccesMRPprep,r,2,68,0
brl,stata,2,67,1
ctacs,stata,2,65,0
makeZ,stata,2,63,1
cost_of_college,stata,2,62,0
scalarout,stata,2,61,0
Bullock,r,2,56,0
updateSuffix,stata,2,55,0
regdyad2,stata,2,52,0
stepdown,stata,2,52,2
neweymod,stata,2,49,0
matchData,stata,2,48,0
load_data_event_study,stata,2,43,0
bind,stata,2,40,0
_gweightave,stata,2,32,1
dcr,stata,2,31,1
ccesMRPrun,r,2,28,0
bpCausal,r,2,26,0
olsvam,stata,2,26,0
makeEB,stata,2,24,0
Result,stata,2,23,0
wgan,python,2,23,0
f,stata,2,22,0
nwclear,stata,2,22,3
matched,stata,2,21,0
Ha,stata,2,20,0
Ho,stata,2,20,0
make_index_gr,stata,2,20,8
merge2,stata,2,20,0
ret_base_instcod,stata,2,20,0
combined,stata,2,19,1
ggiplot,r,2,19,0
writeln,stata,2,19,3
rdob,stata,2,17,4
ri_ci,stata,2,17,1
wordwrap,stata,2,17,1
Control,stata,2,16,0
nwimport,stata,2,16,0
replaceDate,stata,2,16,0
est2extlbl,stata,2,15,0
stSerif,stata,2,15,0
moulton,stata,2,14,1
Health,stata,2,13,1
Treatment,stata,2,13,1
Wald,stata,2,13,1
backto,stata,2,13,0
lprobust,stata,2,13,0
nwplot,stata,2,13,3
packages,r,2,13,0
parrot,r,2,13,0
sfi,python,2,13,0
sophistication,r,2,13,0
DCPOtools,r,2,11,0
Effect,stata,2,11,0
esta,stata,2,11,1
issorted,stata,2,11,0
miest,stata,2,11,2
Ordered,stata,2,10,0
links_to_unique,stata,2,10,0
nwclustering,stata,2,10,3
nwsummarize,stata,2,10,3
reg3hdfe,stata,2,10,0
seatsvotes,r,2,10,0
ssion,stata,2,10,0
SaveData,r,2,9,0
_gweightave2,stata,2,9,0
arvig,r,2,9,0
attrition,r,2,9,0
sumindex,stata,2,9,0
then,stata,2,9,0
BoostLines,r,2,8,0
DIDdesign,r,2,8,0
epcp,stata,2,8,0
get_mother_age,stata,2,8,0
maptile2,stata,2,8,0
nameUniq,stata,2,8,0
replacements_regdat,stata,2,8,0
APPENDIX,stata,2,7,0
between,stata,2,7,1
convert_rank_dollar,stata,2,7,0
describetext,stata,2,7,0
emfdscore,python,2,7,0
lpdid,r,2,7,0
skfda,python,2,7,0
vertical,stata,2,7,0
Average,stata,2,6,0
Purpose,stata,2,6,0
causalTree,r,2,6,0
ccesMRPviz,r,2,6,0
coefplot2,r,2,6,0
gen_medical_center,stata,2,6,0
genderdata,r,2,6,0
pandasci,python,2,6,0
set_zero_fe,stata,2,6,0
synthjoint,r,2,6,0
treatment,stata,2,6,1
vutils,r,2,6,0
wage,stata,2,6,0
Online,stata,2,5,0
Only,stata,2,5,0
abmisc,r,2,5,0
ccode,stata,2,5,2
ddtiming,stata,2,5,0
dmatrix,stata,2,5,0
proc,stata,2,5,0
progam,stata,2,5,0
textables,r,2,5,0
wordshoal,r,2,5,0
All,stata,2,4,0
FIGURE,stata,2,4,1
KRLS2,r,2,4,0
KnitroR,r,2,4,0
Rtools,r,2,4,0
clean_time_days,stata,2,4,0
clean_time_var,stata,2,4,0
fastrollreg,stata,2,4,0
fix_excel,stata,2,4,0
iatgen,r,2,4,0
log_program,stata,2,4,0
mellonMisc,r,2,4,0
minimo3,stata,2,4,0
myriad,r,2,4,0
numbers,stata,2,4,1
openirt,stata,2,4,0
probit2,stata,2,4,0
problem,stata,2,4,0
rep_instcod_jobsat,stata,2,4,0
return_unife,stata,2,4,0
shasum,stata,2,4,0
sklearnex,python,2,4,0
tidytweetjson,r,2,4,0
tore_cd,stata,2,4,0
x,r,2,4,0
ANALYSIS,stata,2,3,1
Authors,stata,2,3,0
ERT,r,2,3,0
Journal,stata,2,3,0
Matched,stata,2,3,0
RevoScaleR,r,2,3,0
aseq,stata,2,3,0
ch_weak,stata,2,3,3
code,stata,2,3,0
czzg,r,2,3,0
datatools,r,2,3,0
ggflags,r,2,3,0
labloadingplot,stata,2,3,0
lp_comparative,stata,2,3,0
mediocrethemes,r,2,3,0
queryrunner_client,python,2,3,0
regressions,stata,2,3,4
res,stata,2,3,0
some,stata,2,3,0
standard,r,2,3,0
BEL,stata,2,2,0
Building,stata,2,2,0
Country,stata,2,2,0
DEU,stata,2,2,0
ESP,stata,2,2,0
Expenditures,stata,2,2,0
FRA,stata,2,2,0
Foreign,stata,2,2,0
Forthcoming,stata,2,2,0
From,stata,2,2,0
However,stata,2,2,0
ITA,stata,2,2,0
KNOWRIGGED,stata,2,2,0
Load,stata,2,2,0
NLD,stata,2,2,0
PRT,stata,2,2,0
Parental,stata,2,2,0
Political,stata,2,2,0
Population,stata,2,2,0
Predicted,stata,2,2,0
Replay,stata,2,2,5
Rvoteview,r,2,2,0
Section,stata,2,2,0
USAboundariesData,r,2,2,0
age,stata,2,2,0
albersusa,r,2,2,0
bmlogit,r,2,2,0
choroplethrZip,r,2,2,0
colorcor,stata,2,2,0
cutr,r,2,2,0
dataset,stata,2,2,0
do_nonswitch_rep,stata,2,2,0
do_recheck_correction,stata,2,2,0
drop_g_estimates,stata,2,2,0
fbri,python,2,2,0
grqreg3,stata,2,2,0
is,stata,2,2,0
knitroNumPy,python,2,2,0
lodown,r,2,2,0
multiplot,r,2,2,0
muni,stata,2,2,0
nmisc,r,2,2,0
obsval,r,2,2,0
pewmethods,r,2,2,0
phrasefreq,stata,2,2,0
pretrends,r,2,2,0
quanteda.seededlda,r,2,2,0
race,stata,2,2,0
rd.categorical,r,2,2,0
rep_iped_ranking_name,stata,2,2,0
replication,stata,2,2,0
sandwhich,r,2,2,0
se,stata,2,2,0
set_index_dummes,stata,2,2,0
sss,stata,2,2,0
taxsim27,stata,2,2,0
there,stata,2,2,0
these,stata,2,2,0
too,stata,2,2,0
transbreakpoints,stata,2,2,0
units,stata,2,2,0
xxxx,stata,2,2,0
zaminfluence,r,2,2,0
zelig,r,2,2,0
space,stata,1,298,0
sfExtras,r,1,220,0
frmttable_myversion,stata,1,204,0
denmarkmacro,python,1,201,0
yamlout,stata,1,185,0
pydynopt,python,1,180,0
PFCRE,r,1,167,0
ma_stars,python,1,150,0
icapm_forecast,python,1,148,0
p,stata,1,143,0
cgmwildboot_2,stata,1,136,0
get_tax_rate,stata,1,133,0
est_life_impact,stata,1,119,0
densepose,python,1,110,0
mlscience_choices,python,1,105,0
MQX,r,1,103,0
p2col,stata,1,94,0
add_info,stata,1,91,0
calculate_optimal_radii,stata,1,91,0
ReEDS_Augur,python,1,82,0
ARGVA_python_codes,python,1,80,0
CLmisc,r,1,76,0
oi_graph_export,stata,1,68,0
texresults2p,stata,1,62,0
int_outcome,stata,1,59,0
iv_spatial_HAC,stata,1,55,0
nodraw,stata,1,55,0
abic,stata,1,54,0
neha,r,1,54,0
kuvreplicationsuite,python,1,52,0
ms_estadd_nobs_nschool,stata,1,50,0
s14_mature_CattleMi,stata,1,48,0
labbot,python,1,46,0
model_wage,python,1,46,0
neweyfixedb,stata,1,46,0
ss_model,python,1,46,0
panelgroupcs,r,1,45,0
intermediates,python,1,44,0
makex,stata,1,39,0
run_main_model,stata,1,38,0
drbest_docinc,stata,1,37,0
ms_fe_add_6col,stata,1,37,0
SubGraphX_python_codes,python,1,36,0
genmatch,stata,1,36,0
load_data_main_model,stata,1,36,0
cat_rfs,python,1,35,0
graphlab,python,1,34,0
groupreg,stata,1,33,0
version0_15,python,1,33,0
additive_decomposition,stata,1,31,1
addreg_exhaust_fe,stata,1,31,0
nicepdf,stata,1,31,0
AK,stata,1,30,0
ModelFramework,python,1,30,0
gtda,python,1,30,0
kable,r,1,30,0
space_reg,stata,1,30,0
unsupervised,python,1,30,0
control1,stata,1,29,0
control2,stata,1,29,0
control3,stata,1,29,0
control4,stata,1,29,0
control5,stata,1,29,0
control6,stata,1,29,0
control_sum,stata,1,29,0
emo1,stata,1,29,0
emo2,stata,1,29,0
emo3,stata,1,29,0
emo_sum,stata,1,29,0
fill_tables,stata,1,29,1
ipv_sum,stata,1,29,0
model_2025_land,python,1,29,0
ms_esttab_pad_la_before_store,stata,1,29,0
pfixdrop,stata,1,29,0
phy1,stata,1,29,0
phy2,stata,1,29,0
phy3,stata,1,29,0
phy4,stata,1,29,0
phy5,stata,1,29,0
phy6,stata,1,29,0
phy7,stata,1,29,0
phy_sum,stata,1,29,0
plots_and_tables,python,1,29,0
section32,python,1,29,0
sexual1,stata,1,29,0
sexual2,stata,1,29,0
sexual_sum,stata,1,29,0
version0_20,python,1,29,0
fv,stata,1,28,0
l1vars,stata,1,28,0
save_coeff_t,stata,1,28,0
cellgraph_vce,stata,1,27,0
expaux,python,1,27,0
interact,stata,1,27,2
onesided,stata,1,27,0
process_estimates,stata,1,27,0
addreg_decline,stata,1,26,0
comment,stata,1,26,0
resp_age,stata,1,26,0
fcrat,r,1,25,0
run_event_study,stata,1,25,2
star,stata,1,25,0
cameronHet,stata,1,24,0
drbcount,stata,1,24,0
embedding_analysis,python,1,24,0
hazardfig,stata,1,24,0
hh_size,stata,1,24,0
impose_bounds,stata,1,24,1
inp,stata,1,24,0
ivset,stata,1,24,0
resp_edu,stata,1,24,0
s14_mature_OtherPoul,stata,1,24,0
sexual3,stata,1,24,0
scp,stata,1,23,0
Donor,stata,1,22,0
Rscclust,r,1,22,0
cas1_rel1,stata,1,22,0
hhd_age,stata,1,22,0
husb_edu,stata,1,22,0
sequence_jacobian_files,python,1,22,0
wealth_index,stata,1,22,0
year_marr,stata,1,22,0
ivqreg,stata,1,21,0
ivregcomplier,stata,1,21,1
load_estimates,stata,1,21,1
makeIV_2state,stata,1,21,0
dynamic_model,python,1,20,0
r2_a,stata,1,20,0
s14_mature_Sheep,stata,1,20,0
Outcome,stata,1,19,0
Whether,stata,1,19,0
format_date,stata,1,19,0
gen_race,stata,1,19,0
get_estimates,stata,1,19,1
log_gdp_maddison,stata,1,19,0
narrativeNLP,python,1,19,0
_gquantiles_switch_nq,stata,1,18,0
asprvalue,stata,1,18,0
edu_yea,stata,1,18,0
gen_working_data,stata,1,18,0
hedu_wi2,stata,1,18,0
hedu_wi3,stata,1,18,0
hedu_wi4,stata,1,18,0
make_coeflabels,stata,1,18,0
uci,stata,1,18,3
wi2_age,stata,1,18,0
wi3_age,stata,1,18,0
wi4_age,stata,1,18,0
boRingTrees,r,1,17,0
rdob_mod2,stata,1,17,0
vtf,stata,1,17,0
HeadR,r,1,16,0
OR,stata,1,16,0
analyze_switch,stata,1,16,0
caste,stata,1,16,0
cupyx,python,1,16,0
dat,stata,1,16,0
feologit_buc2,stata,1,16,0
ftmp,stata,1,16,0
ftmp2,stata,1,16,0
hedu_cas1,stata,1,16,0
hhd_gender,stata,1,16,0
ixnay,stata,1,16,0
proposal_clogit,stata,1,16,0
pvalue,stata,1,16,0
rel1_wi2,stata,1,16,0
rel1_wi3,stata,1,16,0
rel1_wi4,stata,1,16,0
religion,stata,1,16,1
riclpmr,r,1,16,0
xdiffs,stata,1,16,0
Family,stata,1,15,0
car_sfe,stata,1,15,0
cas1_yea,stata,1,15,0
temp_config,python,1,15,0
treat_microdata,python,1,15,0
x_gmm,stata,1,15,3
Citizen,stata,1,14,0
_dstpctile,stata,1,14,0
bpNet,r,1,14,0
cas1_hdgen1,stata,1,14,0
desc2tex,stata,1,14,0
gph,stata,1,14,0
group,stata,1,14,0
inject_v2,python,1,14,0
legend,stata,1,14,0
livestock_prod_qty_Manure,stata,1,14,0
ms_estadd_pct_linear,stata,1,14,0
nol_vars,stata,1,14,0
proposal_clogit_tables,stata,1,14,0
reghdfe_absorb,stata,1,14,0
skmultilearn,python,1,14,0
ts2sls,stata,1,14,0
accept_logit,stata,1,13,0
edu_pla1,stata,1,13,0
exactt,r,1,13,0
expmat,stata,1,13,5
hedu_hedu,stata,1,13,0
ngreg,stata,1,13,1
polyfactor,stata,1,13,0
whil,stata,1,13,0
xtrClusterWildBoot,stata,1,13,0
DGL_GNN_classification_python_codes,python,1,12,0
LatencyArbitrageAnalysis,python,1,12,0
OLS,stata,1,12,0
Patient,stata,1,12,0
Perceived,stata,1,12,0
X1,stata,1,12,0
X2,stata,1,12,0
X3,stata,1,12,0
_gmvnp,stata,1,12,0
_xxinterpchannels,python,1,12,0
accept_logit_tables,stata,1,12,0
create_bootstrap_delta,stata,1,12,0
ctlnms,stata,1,12,0
disc_boot,stata,1,12,0
gdppc10k,stata,1,12,0
generative_formalism,python,1,12,0
jmedeff,stata,1,12,0
labelToString,stata,1,12,0
legalbrit,stata,1,12,0
legalfra,stata,1,12,0
lnumlang,stata,1,12,0
merrorcorr_mult_rho_cluster_new,stata,1,12,0
pblasso,r,1,12,0
policyPlot,r,1,12,0
trtnms,stata,1,12,0
tvar,stata,1,12,0
version0_99,python,1,12,0
Joint,stata,1,11,0
RFS_Functions,python,1,11,0
basicfunctions,python,1,11,0
cldfbench_wals,python,1,11,0
create_window_treated_plants,stata,1,11,0
data_python_codes,python,1,11,0
depvars,stata,1,11,0
est2tex8,stata,1,11,0
hdgen1_siz,stata,1,11,0
log_neighbor_bd_merge,stata,1,11,0
mkpath,stata,1,11,0
ms_estadd_pct_ppml,stata,1,11,0
ms_esttab_pad_cleanup,stata,1,11,0
myIV,stata,1,11,0
nwsave,stata,1,11,0
readme,r,1,11,0
rqdeco3,stata,1,11,0
sumIDE,stata,1,11,0
variable_constructors,python,1,11,0
yea_yea,stata,1,11,0
LinkOrgs,r,1,10,0
PLCE,r,1,10,0
_reg_ols_proj,stata,1,10,0
avgimmig,stata,1,10,0
bayesian_python_codes,python,1,10,0
binned_scatter,stata,1,10,0
dpapertable2,stata,1,10,0
edu_edu,stata,1,10,0
estimate_IRF_LP,stata,1,10,0
ms_estadd_pct_inset,stata,1,10,0
paneltools,r,1,10,0
pop_exps,python,1,10,0
text_replace,stata,1,10,2
wersim,r,1,10,0
write_mats,stata,1,10,0
Columns,stata,1,9,0
DGL_GNN_classification_codes,python,1,9,0
ICCPR,stata,1,9,0
MultiPartTabPanelEnd,stata,1,9,1
drbvars,stata,1,9,0
event_study_idlaws,stata,1,9,0
fastplm,r,1,9,0
firmbaseemp,stata,1,9,0
lsfereg,stata,1,9,0
manifestos,r,1,9,0
md_ar1,stata,1,9,1
model_copay,python,1,9,0
ms_fe_add_3col,stata,1,9,0
otree_markets,python,1,9,0
output_coeffs,stata,1,9,0
pred,stata,1,9,0
rireg,stata,1,9,0
save_coeff_interaction,stata,1,9,0
schvam,stata,1,9,0
seasonallyadjust,stata,1,9,0
sig_p,stata,1,9,1
sigstar_lincom,stata,1,9,0
tabMe,stata,1,9,0
weighted,python,1,9,0
win32pdh,python,1,9,0
xtfmbJ,stata,1,9,0
abovebelowbunch,stata,1,8,1
abovebelowfull,stata,1,8,1
bad,stata,1,8,0
bayes_bootstrap,python,1,8,0
cdat,stata,1,8,0
center_estimates,stata,1,8,0
countf,stata,1,8,0
covars,stata,1,8,0
dropme,stata,1,8,0
elig,stata,1,8,0
estimate_IRF_LP_state_dep,stata,1,8,0
factor_child_tg,stata,1,8,0
fd,stata,1,8,0
ftmp1,stata,1,8,0
gen_aff,stata,1,8,0
gzimport,stata,1,8,0
icv,stata,1,8,0
lab_delta,stata,1,8,0
mdist,stata,1,8,0
merge_pbzip2,stata,1,8,1
mframe,stata,1,8,0
mhmatch,stata,1,8,0
mout,stata,1,8,0
myMH,stata,1,8,0
myMH4,stata,1,8,0
myers,stata,1,8,1
nlcomestadd,stata,1,8,1
plot_IRF,stata,1,8,0
predictpartial2,stata,1,8,0
rel1_wi1,stata,1,8,0
sdii,stata,1,8,0
spsR,r,1,8,0
sufficient_statistics,python,1,8,0
t0,stata,1,8,0
treatmentcontrolwindows,stata,1,8,1
weights,stata,1,8,0
word_embedding,python,1,8,0
wts,stata,1,8,1
BRS,r,1,7,0
BootstrapReport,python,1,7,0
HC,stata,1,7,0
MultiPartTabStart,stata,1,7,2
Parent,stata,1,7,0
______________________________________________________________________________________________,stata,1,7,0
aciccomp2016,r,1,7,0
addStars,stata,1,7,0
campvideo,python,1,7,0
cepespR,r,1,7,0
coalmemb,stata,1,7,0
cpi_lagged_,stata,1,7,0
custom_xml_tab,stata,1,7,0
gamsr,r,1,7,0
gen_var,stata,1,7,0
getcpi,stata,1,7,0
ggmirt,r,1,7,0
hedu_wi1,stata,1,7,0
livestock_prod_price_Manure,stata,1,7,0
predictionError,r,1,7,0
scompute,stata,1,7,0
theta,stata,1,7,0
uppertrim,stata,1,7,0
use_pbzip2,stata,1,7,1
weakidri,stata,1,7,0
xsmle_Sept16,stata,1,7,0
ABSTRACT,stata,1,6,0
BoVW,python,1,6,0
BridgeChange,r,1,6,0
CEDAW,stata,1,6,0
E,stata,1,6,0
FunctionsPython,python,1,6,0
KRMSBVAR,r,1,6,0
Panel,stata,1,6,0
Quantity,stata,1,6,0
SparkDataTools2,python,1,6,0
_ret,stata,1,6,0
any_supp,stata,1,6,0
appgrowth,stata,1,6,0
asci,stata,1,6,0
asct,stata,1,6,0
bapvar,r,1,6,0
blank_table,stata,1,6,0
btsls,stata,1,6,1
budget74amends,stata,1,6,0
carter,stata,1,6,0
category_codes,python,1,6,0
cdate,stata,1,6,0
cjdata,r,1,6,0
clinton,stata,1,6,0
combineStates,stata,1,6,0
congelyr,stata,1,6,0
cpartmajchangecorrected,stata,1,6,0
crashmenow,stata,1,6,0
define_covariates,stata,1,6,0
detic,python,1,6,0
drprocess,stata,1,6,0
dwnominate,r,1,6,0
educ_dj3,stata,1,6,0
estsubpop,r,1,6,0
familyenrollment,r,1,6,0
ghwbush,stata,1,6,0
grh,stata,1,6,0
group_p_score,stata,1,6,0
gwbush,stata,1,6,0
hdempct,stata,1,6,0
hedu_edu,stata,1,6,0
i_caid,stata,1,6,0
i_hi,stata,1,6,0
iabinstall,stata,1,6,0
ip,stata,1,6,0
j,stata,1,6,0
lagbudgetgap,stata,1,6,0
lagfedsurpdefpctgdp,stata,1,6,0
libagency,stata,1,6,0
livestock_prod_qty_Eggs,stata,1,6,0
load_analysis_data,stata,1,6,2
mcaid,stata,1,6,0
mdrd,stata,1,6,0
medi_lag1,stata,1,6,0
medi_lag2,stata,1,6,0
medi_lag3,stata,1,6,0
medi_lag4plus,stata,1,6,0
medi_lead2,stata,1,6,0
medi_lead3,stata,1,6,0
medi_lead4plus,stata,1,6,0
medi_time0,stata,1,6,0
mergemodels,stata,1,6,3
nixonford,stata,1,6,0
nomics,python,1,6,0
nwdrop,stata,1,6,3
nwrandom,stata,1,6,3
overall,stata,1,6,0
panopticapi,python,1,6,0
pistar,r,1,6,0
prepare_figures_data,stata,1,6,0
prepare_param_sensitivity,stata,1,6,0
prgrowth,stata,1,6,0
proc_pred_vars,stata,1,6,0
reagan,stata,1,6,0
reghdfe_old,stata,1,6,0
rho,stata,1,6,0
rsquares,stata,1,6,0
run_program,stata,1,6,1
rwolf_2,stata,1,6,0
sas,stata,1,6,0
scdatamulti,stata,1,6,0
scpi,stata,1,6,0
scplotmulti,stata,1,6,0
sdempct,stata,1,6,0
sensitivity_matrix,stata,1,6,0
sigma_e,stata,1,6,0
sigma_u,stata,1,6,0
ueratecong,stata,1,6,0
values,stata,1,6,0
vietiraqwardefense,stata,1,6,0
wi1_age,stata,1,6,0
wikipediaapi,python,1,6,0
CONPUTE,stata,1,5,0
Expression,stata,1,5,0
ReadMe,r,1,5,0
THE,stata,1,5,0
UIB_calc_austria,stata,1,5,0
____________________________________________________________________________________________,stata,1,5,0
_spline2ab,stata,1,5,0
bayesian_subgraphx_python_codes,python,1,5,0
bid_central_intermed_cntrpty,stata,1,5,0
block,stata,1,5,0
countby,stata,1,5,0
d_year1,stata,1,5,0
dwave,python,1,5,0
effectXtime,stata,1,5,0
esttab2,stata,1,5,0
esttab_config,stata,1,5,0
fragment,stata,1,5,0
functions_trends_pers,python,1,5,0
gen_idlaw_nonstrict,stata,1,5,0
getlink,stata,1,5,0
hapr,r,1,5,0
hdidregress,stata,1,5,0
hlc,r,1,5,0
i,stata,1,5,0
iemargins,stata,1,5,0
infdisauction,r,1,5,0
interact1,stata,1,5,0
interact2,stata,1,5,0
iv1,stata,1,5,0
iv2,stata,1,5,0
legR,r,1,5,0
livestock_prod_qty_Milk,stata,1,5,0
livestock_prod_qty_OtherMeat,stata,1,5,0
lparty,stata,1,5,0
mfergm,r,1,5,0
migrant_survey,stata,1,5,0
ms_estadd_pct_ht,stata,1,5,0
ms_estadd_scalar_dot,stata,1,5,0
ms_probit_robust,stata,1,5,0
multiply_100,stata,1,5,0
myfixes,python,1,5,0
nwbetween,stata,1,5,3
nwdyadprob,stata,1,5,3
omit,stata,1,5,0
print_results,stata,1,5,1
psimbens2,stata,1,5,0
punitroots,r,1,5,0
section33,python,1,5,0
semnet,r,1,5,0
simple_block,python,1,5,0
statistical,stata,1,5,0
substr,r,1,5,0
taxsimlocal32,stata,1,5,0
trim_tails,stata,1,5,2
two_side,stata,1,5,0
win32event,python,1,5,0
win32serviceutil,python,1,5,0
wordfreqj,stata,1,5,0
year22,stata,1,5,0
year8,stata,1,5,0
BoostGraph,r,1,4,0
Bringing,stata,1,4,0
Clean,stata,1,4,1
FDI,r,1,4,0
GEModelTools,python,1,4,0
GPA,stata,1,4,0
GenerateID,stata,1,4,4
H0,stata,1,4,0
Heterogeneous,stata,1,4,0
Inverse,stata,1,4,0
LandUseR,r,1,4,0
MultiPartTabEnd,stata,1,4,2
MultiPartTabPanelStart,stata,1,4,1
MultiPartTabPanelStartMoved,stata,1,4,0
RIQITE,r,1,4,0
Residual,stata,1,4,0
SCMCS,stata,1,4,1
SPDDD,r,1,4,0
TexFigure,stata,1,4,0
WEIGHT,stata,1,4,1
Wooldridge,stata,1,4,0
Year,stata,1,4,0
_trimfmt,stata,1,4,0
abovebelowWBfull,stata,1,4,1
addXvector,stata,1,4,0
addreg_exhaust,stata,1,4,0
addunemp_2,stata,1,4,0
ar2,stata,1,4,0
bihar,stata,1,4,0
bwtvl,stata,1,4,0
cityrk,stata,1,4,0
civiliandictator,stata,1,4,0
confi,stata,1,4,0
cooccurrence,python,1,4,0
counterfactual,stata,1,4,0
cpuinfo,python,1,4,0
cyra4cm,r,1,4,0
dups,r,1,4,0
easyGgplot2,r,1,4,0
ecdifxx,stata,1,4,0
educ_dj,stata,1,4,0
eip,stata,1,4,0
event_study_idlaws_AbrahamSun,stata,1,4,0
factor_mother_tg,stata,1,4,0
flexplot,r,1,4,0
formula,stata,1,4,0
function,stata,1,4,0
genInteractions,stata,1,4,0
gen_specialty,stata,1,4,0
get_tax_rate_nyc,stata,1,4,0
ggminimal,r,1,4,0
giotto_python_codes,python,1,4,0
growth1,stata,1,4,0
gudhi_python_codes,python,1,4,0
gw_mil,stata,1,4,0
gw_mil_part,stata,1,4,0
gw_mil_pers,stata,1,4,0
gw_mon,stata,1,4,0
gw_part,stata,1,4,0
gw_part_pers,stata,1,4,0
gw_pers,stata,1,4,0
hathi,r,1,4,0
het_block,python,1,4,0
igrowup_restricted,stata,1,4,0
immigrant,stata,1,4,0
insample,stata,1,4,0
keepme,stata,1,4,0
kyrselect_b,stata,1,4,0
leadershipchanges,stata,1,4,0
leduc_dj3,stata,1,4,0
livestock_prod_price_Eggs,stata,1,4,0
livestock_prod_price_Milk,stata,1,4,0
livestock_prod_qty_HidesAnd,stata,1,4,0
logchange,stata,1,4,0
low,stata,1,4,0
lparty2,stata,1,4,0
majsize,stata,1,4,0
mhtexp2,stata,1,4,1
militarydictator,stata,1,4,0
minsize,stata,1,4,0
mlist1,stata,1,4,0
mlist2,stata,1,4,0
mm,stata,1,4,0
mmph,python,1,4,0
modagency,stata,1,4,0
modeling_boilerplate,python,1,4,0
ms_fe_add_a7,stata,1,4,0
myOLS,stata,1,4,0
nobs,stata,1,4,0
nwgeodesic,stata,1,4,3
nwsmall,stata,1,4,3
outmil,stata,1,4,0
pforeach,r,1,4,0
pivotprobs,r,1,4,0
placebosamplecorr1,stata,1,4,1
placebosamplecorr2,stata,1,4,1
placebowindows1,stata,1,4,1
placebowindows2,stata,1,4,1
popdictR,r,1,4,0
process,stata,1,4,0
pscl2,r,1,4,0
purges,stata,1,4,0
pval_nostar,stata,1,4,0
quanteda.classifiers,r,1,4,0
rAMPL,r,1,4,0
resources,stata,1,4,0
s14_mature_Chicken,stata,1,4,0
sfaPA,r,1,4,0
simFnsEqns,r,1,4,0
simtax,python,1,4,0
sitsr,r,1,4,0
smfe,r,1,4,0
spouse_agegap,stata,1,4,0
taxrates2017,stata,1,4,0
teamcc,python,1,4,0
time_span_module,python,1,4,0
treat_prod7,stata,1,4,0
trtunit,stata,1,4,0
versions,stata,1,4,0
viztest,stata,1,4,0
xlab_months,stata,1,4,0
AnnotationModelsR,r,1,3,0
Census,stata,1,3,0
Cleaning,stata,1,3,0
ContactName7,stata,1,3,0
Controlling,stata,1,3,0
DCdensity_withnote,stata,1,3,0
Database,stata,1,3,0
Dofile,stata,1,3,0
FALSIFICATION,stata,1,3,0
FRD,r,1,3,0
Household,stata,1,3,0
MCPanel,r,1,3,0
PROCEDURES,stata,1,3,0
See,stata,1,3,0
StaggeredSynthDiD,r,1,3,0
TI,stata,1,3,0
WE,stata,1,3,0
Warum,stata,1,3,0
_grmed,stata,1,3,0
_speedups,python,1,3,0
age_filing,stata,1,3,0
always,stata,1,3,0
asd,stata,1,3,0
assert_equal,stata,1,3,0
based,stata,1,3,0
binscatter3,stata,1,3,0
blopmatching,r,1,3,0
bootcorci,r,1,3,0
bootwildct,stata,1,3,0
bysmeanw,stata,1,3,0
cas1_age,stata,1,3,0
causalForest,r,1,3,0
ccount,stata,1,3,0
classify_jobs,stata,1,3,0
collapse_by_ruc_member,stata,1,3,0
colorblindr,r,1,3,0
condition,stata,1,3,0
control,stata,1,3,0
csdid2_plot,stata,1,3,1
ddmlag,stata,1,3,0
e1234,stata,1,3,0
educ_dj1,stata,1,3,0
eeurope,stata,1,3,0
emdb,stata,1,3,0
error_in,stata,1,3,0
execreqgp,stata,1,3,0
firm_funcs,python,1,3,0
forach,stata,1,3,0
ftab,r,1,3,0
gdx,r,1,3,0
gen_ruc_memspec,stata,1,3,0
gen_util_expend,stata,1,3,0
ggpubfigs,r,1,3,0
happened,stata,1,3,0
ime_bp1,stata,1,3,0
incdist,stata,1,3,0
input_processing,python,1,3,0
instanttex,stata,1,3,0
interplot.medline,r,1,3,0
jbmisc,r,1,3,0
livestock_prod_price_BeefCatt,stata,1,3,0
livestock_prod_price_OtherMeat,stata,1,3,0
livestock_prod_price_PoultryMe,stata,1,3,0
livestock_prod_price_SheepGoat,stata,1,3,0
loadzillow,stata,1,3,0
mal,stata,1,3,0
mcounty,stata,1,3,0
mcsanm,stata,1,3,0
med4way,stata,1,3,0
megamerge,stata,1,3,0
mena,stata,1,3,0
mental,stata,1,3,0
modern,stata,1,3,0
msmsas,stata,1,3,0
multidictR,r,1,3,0
mva,r,1,3,0
npideal,r,1,3,0
passthrough,stata,1,3,0
pia,stata,1,3,0
poet,stata,1,3,2
prodestNP,stata,1,3,0
provinces,stata,1,3,0
puy,r,1,3,0
pyRVtest_020,python,1,3,0
quantprod_sukuma_goro,stata,1,3,0
rebuild_git,stata,1,3,0
regipca,python,1,3,0
regressby3,stata,1,3,0
revealed_python,python,1,3,0
rireg_droprevplus,stata,1,3,0
ritest_voterfe,stata,1,3,0
rona_estimatefunctions_gpu,python,1,3,0
safrica,stata,1,3,0
section31,python,1,3,0
select_dates,python,1,3,0
seurope,stata,1,3,0
sharpsample,stata,1,3,0
spousalVFIParallel,r,1,3,0
stopit,stata,1,3,0
sum_med,stata,1,3,0
sum_n_med,stata,1,3,0
taxyear,stata,1,3,0
tc.ergmterms,r,1,3,0
tensormask,python,1,3,0
third_party,python,1,3,0
ungeviz,r,1,3,0
unitval,stata,1,3,0
unixtools,r,1,3,0
vambin,stata,1,3,0
variables,stata,1,3,0
vl_convert,python,1,3,0
vpowerin,stata,1,3,0
want,stata,1,3,0
weakssivtest,stata,1,3,1
website,stata,1,3,0
well,stata,1,3,0
whemisphere,stata,1,3,0
xtablem,r,1,3,0
04a_Prep_Race_Data,python,1,2,0
Activity,stata,1,2,0
Aden,stata,1,2,0
Air_LDA_Lemmas_10_Topics_seed_2,python,1,2,0
Air_LDA_Lemmas_10_Topics_seed_3,python,1,2,0
Alex,stata,1,2,0
Anum,stata,1,2,0
CORELATION,stata,1,2,0
CRmergeBGLDBv6func,python,1,2,0
Column,stata,1,2,0
Community,stata,1,2,0
DIDmultiplegtSTAT,r,1,2,0
D_xpolity3,stata,1,2,0
Date,stata,1,2,0
Difference,stata,1,2,0
During,stata,1,2,0
ERROR_CONTROLS,stata,1,2,0
ERROR_SAMPLE,stata,1,2,0
External,stata,1,2,0
F3TZLSTYRENR,stata,1,2,0
F3TZPS1START,stata,1,2,0
FIRST,stata,1,2,0
IN,stata,1,2,0
INTERESTING,stata,1,2,0
Internal,stata,1,2,0
LHS,stata,1,2,0
LKOFEcGI,stata,1,2,0
Linear,stata,1,2,1
MIDs,stata,1,2,0
Mayors,stata,1,2,0
Measurement,stata,1,2,0
MetaStudies,r,1,2,0
NEED,stata,1,2,0
NameSexRace,r,1,2,0
Not,stata,1,2,0
Nt,stata,1,2,0
Other,stata,1,2,1
PIPE_r,stata,1,2,0
Peer,stata,1,2,0
Percentiles,stata,1,2,2
Politically,stata,1,2,0
RDDtools,r,1,2,0
RES450,r,1,2,0
Rcplex2,r,1,2,0
Reinterview,stata,1,2,0
Root,stata,1,2,0
Russia,stata,1,2,0
SECTION,stata,1,2,0
SWITH,stata,1,2,0
Share,stata,1,2,0
Shat,stata,1,2,0
Sibling,stata,1,2,0
South,stata,1,2,0
Subscale,stata,1,2,0
T,stata,1,2,0
TO,stata,1,2,0
Then,stata,1,2,0
Therefore,stata,1,2,0
To,stata,1,2,0
Trump,stata,1,2,0
Unmatched,stata,1,2,0
When,stata,1,2,0
Workspace,stata,1,2,0
XXX,stata,1,2,0
XXXXXXXXXXXXXXXXXXXXXXX,stata,1,2,0
_________________________________________________________________________________________,stata,1,2,0
_____________________________________________________________________________________________________________________________________________________________________________________________________,stata,1,2,0
_dstpctile_fast,stata,1,2,0
_gDSTpctile,stata,1,2,0
_merge,stata,1,2,0
abeclean,stata,1,2,1
addXvector2,stata,1,2,0
addXvector3,stata,1,2,0
agele19_pop,stata,1,2,0
allEffects,r,1,2,0
apcR,r,1,2,0
append_empty,stata,1,2,0
arealOverlap,r,1,2,0
array,stata,1,2,0
arrests_a_white_muni,stata,1,2,0
asymmetric,stata,1,2,0
at,stata,1,2,0
attritevis,r,1,2,0
auction.Rcpp,r,1,2,0
axn5,stata,1,2,0
barebones.FishSET,r,1,2,0
bartik.weight,r,1,2,0
baselevels,stata,1,2,0
bayes_opt,python,1,2,0
bayesrct,stata,1,2,0
becoming,stata,1,2,0
beta,stata,1,2,0
bindplyr,r,1,2,0
brmstools,r,1,2,0
c1mincode,stata,1,2,0
cas2_rel2,stata,1,2,0
causalToolbox,r,1,2,0
cdk,stata,1,2,0
centernet,python,1,2,0
cfesd2libagency,stata,1,2,0
cfesd2modagency,stata,1,2,0
cfesd2party,stata,1,2,0
cfesd2partylibag,stata,1,2,0
cfesd2partymodag,stata,1,2,0
cfesdhat2,stata,1,2,0
chibal,r,1,2,0
cjEuclid,r,1,2,0
cjk,stata,1,2,0
clist,stata,1,2,0
clusterid,stata,1,2,0
clusterpowermax,stata,1,2,0
coler,r,1,2,0
config_secrets,python,1,2,0
cons,stata,1,2,0
conservage,stata,1,2,0
constr,stata,1,2,0
constrain,stata,1,2,0
countreg,r,1,2,0
country,stata,1,2,0
csvtable,stata,1,2,0
dateo,stata,1,2,0
demonstration,stata,1,2,0
depmean,stata,1,2,0
determinacy,python,1,2,0
df2,stata,1,2,0
dir_clear,stata,1,2,0
disp_nice,stata,1,2,0
doAzureParallel,r,1,2,0
dpirt,r,1,2,0
dta2tex,stata,1,2,0
duration_since_firstinvitation,stata,1,2,0
dwplot,r,1,2,0
dynLogitPA,r,1,2,0
e_prop_mb,stata,1,2,0
effectByYear,stata,1,2,0
elements,stata,1,2,0
eliminate_leading_0,stata,1,2,0
elseif,stata,1,2,0
estimate_IRF_external_IV,stata,1,2,0
esum,stata,1,2,1
ettests,stata,1,2,0
event,stata,1,2,1
eventstudyfig3,stata,1,2,0
excelusing,python,1,2,0
exports2,stata,1,2,0
fOptions,r,1,2,0
fese_adam,stata,1,2,1
film,stata,1,2,0
firstrowclear,python,1,2,0
fmax,stata,1,2,0
forcach,stata,1,2,0
genControls,stata,1,2,0
gen_cc,stata,1,2,0
gender,stata,1,2,0
get_csa,stata,1,2,0
goodreads_api_client,python,1,2,0
gr7,stata,1,2,0
graph_param_sensitivity,stata,1,2,0
grep,r,1,2,0
gsa2,stata,1,2,0
gtk,python,1,2,0
gunzip,stata,1,2,0
hank_replication,python,1,2,0
hascommonfactors,stata,1,2,0
hcdb,r,1,2,0
hdgen1_hhdage,stata,1,2,0
hearings,stata,1,2,0
hedu_cas2,stata,1,2,0
hsa,stata,1,2,0
hv243d,stata,1,2,0
hybrid_nls,stata,1,2,0
income,stata,1,2,1
informationeffects,r,1,2,0
ipoptr,r,1,2,0
ipv_index_norm,stata,1,2,0
ipv_t,stata,1,2,0
iterstrat,python,1,2,0
l1hbal,r,1,2,0
labellines,python,1,2,0
lastrenovatedyear,stata,1,2,0
lcapt2licapt3,stata,1,2,0
lcapt3licapt1,stata,1,2,0
lee_bounds_x,stata,1,2,0
livestock_prod_price_HidesAnd,stata,1,2,0
livestock_prod_qty_BeefCatt,stata,1,2,0
livestock_prod_qty_Blood,stata,1,2,0
livestock_prod_qty_Honey,stata,1,2,0
livestock_prod_qty_PoultryMe,stata,1,2,0
livestock_prod_qty_SheepGoat,stata,1,2,0
log_start,stata,1,2,0
logbal,r,1,2,0
lpSimPack,r,1,2,0
lpolyci,stata,1,2,0
mCommProbs_oth,stata,1,2,0
mCommProbs_rd,stata,1,2,0
mCommProbs_rw,stata,1,2,0
m_noLA_e,stata,1,2,0
mamlr,r,1,2,0
matsum,stata,1,2,0
medci,stata,1,2,1
medianize,stata,1,2,0
middle,stata,1,2,0
mipmatch,r,1,2,0
mlrsq,stata,1,2,0
mmsanm,stata,1,2,0
msoffcrypto,python,1,2,0
my_loop_regressions_plain,stata,1,2,0
my_ols_spatial_HAC,stata,1,2,1
my_transforms,python,1,2,0
nGroups,stata,1,2,0
nObs,stata,1,2,0
n_obs,stata,1,2,0
ncy,stata,1,2,0
netprobitFE,r,1,2,0
nicelylabelleddummies,stata,1,2,0
nswdgp2,stata,1,2,0
nuclearARD,r,1,2,0
ods,stata,1,2,0
openEnded,r,1,2,0
or_wage_y_ctype_0_renter,stata,1,2,0
overid_chao,stata,1,2,1
p50,stata,1,2,0
panelview,r,1,2,0
partycalls,r,1,2,0
partylib,stata,1,2,0
partymod,stata,1,2,0
pathinit,stata,1,2,0
pbzip2,stata,1,2,1
pdflatex,stata,1,2,0
pii_ma3,stata,1,2,0
place_residence,stata,1,2,0
point_sup,python,1,2,0
pols_gen,stata,1,2,0
poorer,stata,1,2,0
poorest,stata,1,2,0
ppi_py,python,1,2,0
pragma,stata,1,2,0
presparty,stata,1,2,0
priorfit,stata,1,2,0
projection_factor,stata,1,2,0
quantprod_greengrams_goro,stata,1,2,0
quantprod_millet_goro,stata,1,2,0
quantprod_sweetpotato_goro,stata,1,2,0
randomizedwaitlist,stata,1,2,0
rcall_check,stata,1,2,3
rdob_m,stata,1,2,0
rdperm,stata,1,2,1
rel2_wi1,stata,1,2,0
rel2_wi2,stata,1,2,0
rel2_wi3,stata,1,2,0
rel2_wi4,stata,1,2,0
reprtree,r,1,2,0
resid,stata,1,2,1
restrictiveness_fast,python,1,2,0
rf,stata,1,2,2
richer,stata,1,2,0
ripw,r,1,2,0
rndn,stata,1,2,0
rr_rate_austria,stata,1,2,0
ruralpop,stata,1,2,0
s14_immature_price_Chicken,stata,1,2,0
saraj,r,1,2,0
sartpred,stata,1,2,0
sb_prox0,stata,1,2,0
see_error_above,stata,1,2,0
segmentation,stata,1,2,0
separation,r,1,2,0
sequence,stata,1,2,0
sheetfirstrowclear,python,1,2,0
sigdig,stata,1,2,0
sjdensity,stata,1,2,0
skfmm,python,1,2,0
spatialWeights,r,1,2,0
stcty,stata,1,2,0
stopme,stata,1,2,0
store_regular,stata,1,2,1
str100,stata,1,2,0
studyvars,stata,1,2,0
sufrep,r,1,2,0
summary_stats_forecasts,stata,1,2,0
swapname,stata,1,2,0
t_start,stata,1,2,0
tableby,r,1,2,0
telasso,stata,1,2,0
tempfile_churnmkt,stata,1,2,0
tempfile_churnprod,stata,1,2,0
test_condate,stata,1,2,1
tldextract,r,1,2,0
tmp,stata,1,2,0
tmp_joblib_,python,1,2,0
tostranksum,stata,1,2,0
tostt,stata,1,2,0
toupper,stata,1,2,0
ucto,python,1,2,0
unifiedpartygovt,stata,1,2,0
vIRT,r,1,2,0
vW1_oth,stata,1,2,0
vW1_rd,stata,1,2,0
vW1_rw,stata,1,2,0
value_unit_immat_Goats,stata,1,2,0
weigh_st,stata,1,2,0
win32process,python,1,2,0
x_ding_all,stata,1,2,0
x_ding_e,stata,1,2,0
x_h_all,stata,1,2,0
x_h_e,stata,1,2,0
x_noLA_all,stata,1,2,0
x_w_all,stata,1,2,0
x_w_c,stata,1,2,0
x_w_e,stata,1,2,0
xtdcce2_csa,stata,1,2,0
xtjack,stata,1,2,0
yogurts,r,1,2,0
zcorporate_motivation,stata,1,2,0
ADDITIONAL,stata,1,1,0
AFA,stata,1,1,0
ALEX,stata,1,1,0
ALL,stata,1,1,0
AND,stata,1,1,0
APPENDING,stata,1,1,0
AUS,stata,1,1,0
Abduction,stata,1,1,0
AddCmdToE,stata,1,1,0
AddHealth,stata,1,1,0
Agricultural,stata,1,1,0
Ahat,stata,1,1,0
Alabama,stata,1,1,0
Alaska,stata,1,1,0
Alternative,stata,1,1,0
Annual,stata,1,1,0
Any,stata,1,1,0
Arizona,stata,1,1,0
Arkansas,stata,1,1,0
Available,stata,1,1,0
Avg,stata,1,1,0
BAGAIN,stata,1,1,0
Barnes,stata,1,1,0
Behavior,stata,1,1,0
Biden2020,stata,1,1,0
Body,stata,1,1,1
BoundingBox,python,1,1,0
BoundingBoxes,python,1,1,0
Build,stata,1,1,0
But,stata,1,1,0
CALUCULATE,stata,1,1,0
CAN,stata,1,1,0
CCES,stata,1,1,0
CEMS_coal_intermediate,stata,1,1,0
CHE,stata,1,1,0
CONSTRUCTED,stata,1,1,0
CORRELATION,stata,1,1,0
CY,stata,1,1,0
CYP,stata,1,1,0
C_hb_occupmanag,stata,1,1,0
C_occupother,stata,1,1,0
C_smoke,stata,1,1,0
California,stata,1,1,0
Check,stata,1,1,1
China,stata,1,1,0
Chinese,stata,1,1,0
Choosing,stata,1,1,0
Citation,stata,1,1,0
Code,stata,1,1,0
Cogeneration,stata,1,1,0
Colorado,stata,1,1,0
Comment,stata,1,1,0
Compile,stata,1,1,0
Completely,stata,1,1,0
Computing,stata,1,1,0
Condition,stata,1,1,0
Confessional,stata,1,1,0
Conflict,stata,1,1,1
Connecticut,stata,1,1,0
Conservative,stata,1,1,0
Containing,stata,1,1,0
Counties,stata,1,1,0
County,stata,1,1,0
Creates,stata,1,1,0
Creating,stata,1,1,0
CvM_stat,stata,1,1,0
DATASET,stata,1,1,0
DCdensity_mitch,stata,1,1,0
DNK,stata,1,1,0
Da1624,stata,1,1,0
Dataset,stata,1,1,0
Decomposition,stata,1,1,1
Delaware,stata,1,1,0
DemoTools,r,1,1,0
Denmark,stata,1,1,0
Diese,stata,1,1,0
Dpop_over65_sh,stata,1,1,0
ECD,stata,1,1,0
ELIMINATING,stata,1,1,0
Ece,stata,1,1,0
Education,stata,1,1,0
Elena,stata,1,1,0
EmbedTex,stata,1,1,0
Emilia,stata,1,1,0
Employment,stata,1,1,0
English,stata,1,1,0
EreturnPost,stata,1,1,0
Evaluator,python,1,1,0
Examining,stata,1,1,0
Expanded,stata,1,1,0
Explanation,stata,1,1,0
F3EDSTAT,stata,1,1,0
F3EVRATT,stata,1,1,0
F3PS1START,stata,1,1,0
F3TZTRANRESP,stata,1,1,0
FIGURES,stata,1,1,1
FastEst,r,1,1,0
FigureA17_TabulatePlot_placebo,stata,1,1,0
Files,stata,1,1,0
Finland,stata,1,1,0
Florida,stata,1,1,0
France,stata,1,1,0
Free,stata,1,1,0
Full,stata,1,1,0
GBR,stata,1,1,0
GLS,stata,1,1,0
GRC,stata,1,1,0
General,stata,1,1,0
Geographic,stata,1,1,0
Georgia,stata,1,1,0
Germany,stata,1,1,0
Glasgow,stata,1,1,0
Globals,stata,1,1,0
Greece,stata,1,1,0
Green,stata,1,1,0
HB,stata,1,1,0
HDeconometrics,r,1,1,0
HH,stata,1,1,0
HMMpack,r,1,1,0
HUN,stata,1,1,0
Hand,stata,1,1,0
Hawaii,stata,1,1,0
Heat,stata,1,1,0
Here,stata,1,1,0
ICEWS2,r,1,1,0
II,stata,1,1,0
INTERACTIONS,stata,1,1,0
IRL,stata,1,1,0
IS,stata,1,1,0
ISIC_divisision,stata,1,1,0
ISTAT,stata,1,1,0
Idaho,stata,1,1,0
Identifying,stata,1,1,0
Ignore,stata,1,1,0
Illinois,stata,1,1,0
In,stata,1,1,0
Indiana,stata,1,1,0
Industry,stata,1,1,0
IndustryGroupsRecode,stata,1,1,0
Information,stata,1,1,0
Instead,stata,1,1,0
Interaction,stata,1,1,1
Interface,stata,1,1,0
Iowa,stata,1,1,0
Ipaper,r,1,1,0
It,stata,1,1,0
Italia,stata,1,1,0
Italy,stata,1,1,0
JPN,stata,1,1,0
January,stata,1,1,0
Japanese,stata,1,1,0
Jill,stata,1,1,0
Jordan,stata,1,1,0
KableExtra,r,1,1,0
KalbeExtra,r,1,1,0
Kansas,stata,1,1,0
Kentucky,stata,1,1,0
LSS,r,1,1,0
LUX,stata,1,1,0
LVA,stata,1,1,0
Liberal,stata,1,1,0
Literature,stata,1,1,0
Lnwci_new,stata,1,1,0
Louisiana,stata,1,1,0
M1,stata,1,1,0
M2,stata,1,1,0
M3,stata,1,1,0
MERGED,stata,1,1,1
MI100_00,stata,1,1,0
MLT,stata,1,1,0
MOTIVAZIONE,stata,1,1,0
MT,stata,1,1,0
MW,stata,1,1,0
Main,stata,1,1,69
Maine,stata,1,1,0
MapColoring,r,1,1,0
Martin,stata,1,1,0
Maryland,stata,1,1,0
Massachusetts,stata,1,1,0
Matthew,stata,1,1,0
Measuring,stata,1,1,0
Michigan,stata,1,1,0
Minnesota,stata,1,1,0
Mississippi,stata,1,1,0
Missouri,stata,1,1,0
Monadic,stata,1,1,0
Montana,stata,1,1,0
Multinomial,stata,1,1,0
NIAC,stata,1,1,0
NIAS,stata,1,1,0
NOR,stata,1,1,0
NOSTRA,stata,1,1,0
NOT,stata,1,1,0
NSFawards_research_woCAT_NSFAwards1620_WTSURVY,stata,1,1,0
Nebraska,stata,1,1,0
Nested,stata,1,1,0
Netherlands,stata,1,1,0
NeuralNetworkVisualization,r,1,1,0
Nevada,stata,1,1,0
New,stata,1,1,0
Nmbr,stata,1,1,0
Nohlen,stata,1,1,0
Number,stata,1,1,0
Nummerierung,stata,1,1,0
OBSOLETE,stata,1,1,0
OccupationGroupsRecode,stata,1,1,0
Ohio,stata,1,1,0
Oklahoma,stata,1,1,0
Omegaj,stata,1,1,0
Oregon,stata,1,1,0
Our,stata,1,1,0
PM,stata,1,1,0
PPblouse_girl,stata,1,1,0
PRESENT,stata,1,1,0
PROC,stata,1,1,0
PROCEDURE,stata,1,1,0
PVT,stata,1,1,0
Packages,r,1,1,0
Parenting,stata,1,1,0
Pblouse_girl,stata,1,1,0
Pboots_preschool,stata,1,1,0
Pboots_resin_kids,stata,1,1,0
Pboots_school,stata,1,1,0
Pboots_winter_kids,stata,1,1,0
Pcombo_preschool,stata,1,1,0
Pdress_preschool,stata,1,1,0
Pdress_school,stata,1,1,0
Pennsylvania,stata,1,1,0
Percent,stata,1,1,0
Pjeans_school,stata,1,1,0
Pjumper_school,stata,1,1,0
Please,stata,1,1,0
Pnewborn_belye,stata,1,1,0
Popenshoes_kids,stata,1,1,0
Ppolzunki,stata,1,1,0
PrepareCovariates,python,1,1,0
Previewers,stata,1,1,0
Primary,stata,1,1,0
Private,stata,1,1,0
Produced,stata,1,1,0
Pshirt_preschool_boys,stata,1,1,0
Pshirt_school_boys,stata,1,1,0
Pskechers_kids,stata,1,1,0
Pskirt_girls,stata,1,1,0
Psocks_kids,stata,1,1,0
Psportswear_school,stata,1,1,0
Pstockings_child,stata,1,1,0
Ptrousers_school,stata,1,1,0
Public,stata,1,1,0
QQQ,stata,1,1,0
QualtricsCreatoR,r,1,1,0
R,stata,1,1,0
README,stata,1,1,0
REDISTRIBUTION,stata,1,1,0
RESHAPING,stata,1,1,0
RITools,r,1,1,0
RMeCab,r,1,1,0
Radical,stata,1,1,0
Rarieda,stata,1,1,0
Rcartogram,r,1,1,0
Regionalist,stata,1,1,0
Removal,stata,1,1,0
Reparations,stata,1,1,0
Restrict,stata,1,1,0
Rgeogram,r,1,1,0
Rmtcd,r,1,1,0
Rmturkcheck,r,1,1,0
Robustness,stata,1,1,2
RoogleVision,r,1,1,0
Rooms,stata,1,1,0
SEE,stata,1,1,0
SELECTING,stata,1,1,0
SHOULD,stata,1,1,0
SOME,stata,1,1,0
SSS,stata,1,1,0
START,stata,1,1,4
STP,stata,1,1,0
SVK,stata,1,1,0
SVN,stata,1,1,0
SWE,stata,1,1,0
Satisfied,stata,1,1,0
School,stata,1,1,0
Self,stata,1,1,0
ShiftShareIV,r,1,1,0
Should,stata,1,1,0
Software,stata,1,1,0
Spain,stata,1,1,0
Spanish,stata,1,1,0
Specifications,python,1,1,0
SpeedReader,r,1,1,0
Start,stata,1,1,4
StrTrim,r,1,1,0
Study,stata,1,1,0
Subjective,stata,1,1,0
Subsample,stata,1,1,0
Sudan,stata,1,1,0
Summary,stata,1,1,3
Sweden,stata,1,1,0
Systems,stata,1,1,0
TAN,stata,1,1,0
THAT,stata,1,1,0
THEN,stata,1,1,0
TRmaps,r,1,1,0
Tabelle,stata,1,1,0
Teacher,stata,1,1,0
Tennessee,stata,1,1,0
Texas,stata,1,1,0
Thanks,stata,1,1,0
That,stata,1,1,0
Thus,stata,1,1,0
Toys,stata,1,1,0
Trump2020,stata,1,1,0
UK,stata,1,1,0
USA,stata,1,1,0
UberLibraries,r,1,1,0
Utah,stata,1,1,0
VARIBLE,stata,1,1,0
Vaccination,stata,1,1,0
Vermont,stata,1,1,0
VicForViz,python,1,1,0
Virginia,stata,1,1,0
WHITES,stata,1,1,0
WRS,r,1,1,0
WWII,stata,1,1,0
War,stata,1,1,0
Warning,stata,1,1,0
Washington,stata,1,1,0
Wealth,stata,1,1,0
Weighted,stata,1,1,0
Weights,stata,1,1,0
What,stata,1,1,0
Wiesehomeier,stata,1,1,0
Wisconsin,stata,1,1,0
Working,stata,1,1,0
Wyoming,stata,1,1,0
Years,stata,1,1,0
Yin,stata,1,1,0
You,stata,1,1,0
_CR,stata,1,1,0
_Ibefstat_1,stata,1,1,0
_Ichild_1,stata,1,1,0
_Idauloint__13,stata,1,1,0
_Idauloint__8,stata,1,1,0
_Isu_ausbila1,stata,1,1,0
_Isu_eintri_1,stata,1,1,0
_Isu_eintri_6,stata,1,1,0
_Isu_kat_al_2,stata,1,1,0
______________________________,stata,1,1,0
__________________________________________________,stata,1,1,0
_decvon,stata,1,1,0
_gwinsor,stata,1,1,0
_init_paths,python,1,1,0
_ms_element_info,stata,1,1,0
_msparse,stata,1,1,0
_pytest,python,1,1,0
_systemrestart,python,1,1,0
a_lower,stata,1,1,0
a_te,stata,1,1,0
a_upper,stata,1,1,0
aa,stata,1,1,0
aaa,stata,1,1,0
ab_dirmenas_01,stata,1,1,0
ab_dirmenas_295,stata,1,1,0
ab_imen_sp_01,stata,1,1,0
ab_imen_sp_295,stata,1,1,0
abbrev,stata,1,1,0
abc,stata,1,1,0
abcret01_dgtw,stata,1,1,0
abcret240_dgtw_r,stata,1,1,0
abcret295_dgtw_r,stata,1,1,0
abematch,stata,1,1,1
above,stata,1,1,0
activated,stata,1,1,0
actual,stata,1,1,0
adjustC,stata,1,1,0
adopt,stata,1,1,0
aera_roc,stata,1,1,0
afcp,r,1,1,0
afqt,stata,1,1,0
agedep,stata,1,1,0
agespouse,stata,1,1,0
aj,stata,1,1,0
alex,stata,1,1,0
allegiance_total,stata,1,1,0
ally_b,stata,1,1,0
almp_pmp,stata,1,1,0
alt_mob,stata,1,1,0
alzgraphlib,r,1,1,0
amcatr,r,1,1,0
amen_ppos_std_sp_01,stata,1,1,0
amen_ppos_std_sp_295,stata,1,1,0
amen_ppos_std_sp_pre,stata,1,1,0
anesr,r,1,1,0
any,stata,1,1,0
anytime,stata,1,1,0
approved,stata,1,1,0
arc9,stata,1,1,0
area_long_E,stata,1,1,0
asdfasdfasdf,stata,1,1,0
asf,stata,1,1,0
assapprov,stata,1,1,0
assborrow,stata,1,1,0
atrust,stata,1,1,0
attentive,r,1,1,0
autumn,r,1,1,0
av_log_oil,stata,1,1,0
avg_motheredu_2m2006,stata,1,1,0
b_lower,stata,1,1,0
b_te,stata,1,1,0
b_upper,stata,1,1,0
ba_state,stata,1,1,0
back,stata,1,1,0
bandwidth,stata,1,1,0
barf,stata,1,1,0
bayesjackman,r,1,1,0
because,stata,1,1,0
been,stata,1,1,0
before,stata,1,1,0
beg_date,stata,1,1,0
benefit_status,stata,1,1,0
bergr,r,1,1,0
between_variation,stata,1,1,0
between_variation_xz,stata,1,1,0
between_variation_yz,stata,1,1,0
bg0,stata,1,1,0
bg1,stata,1,1,0
bg2,stata,1,1,0
bg2a,stata,1,1,0
bg3,stata,1,1,0
bigvis,r,1,1,0
bihar_control,stata,1,1,0
bin,stata,1,1,0
binary_mediation,stata,1,1,0
blackd,python,1,1,0
bm,stata,1,1,0
bomb,stata,1,1,0
booktabs,r,1,1,0
broom,stata,1,1,0
building_neighborhood_char,stata,1,1,0
but,stata,1,1,0
bysrot,stata,1,1,0
bytwoway,stata,1,1,0
ca_aciv,stata,1,1,0
ca_erred_only,stata,1,1,0
cairo,python,1,1,0
cairo,r,1,1,0
calculators,python,1,1,0
can,stata,1,1,0
causalDML,r,1,1,0
cband_type,stata,1,1,0
cgmunf,r,1,1,0
ch_weak_bf,stata,1,1,0
children,stata,1,1,1
choice08,stata,1,1,0
chorddiag,r,1,1,0
cjRank,r,1,1,0
claer,stata,1,1,0
cler,stata,1,1,0
clpsjrcoll,stata,1,1,0
clpssrcoll,stata,1,1,0
clustered,stata,1,1,0
cmd,stata,1,1,0
cmsacd,stata,1,1,0
cntrl,stata,1,1,0
co2stats_theta4_NH_CLMquad_resprod_06_fitteddem_no_ESTTHETA,stata,1,1,0
coal_sapgrl6,stata,1,1,0
coal_spoefpoe,stata,1,1,0
codebreak,stata,1,1,0
coercive,stata,1,1,0
cohort,stata,1,1,0
collegepop1993,stata,1,1,0
collegepop1998,stata,1,1,0
color,stata,1,1,0
colour,stata,1,1,0
colourCount,stata,1,1,0
comm_prob_now,stata,1,1,0
comm_understand,stata,1,1,0
command,stata,1,1,0
compareK,r,1,1,0
compared,stata,1,1,0
completeness_fast,python,1,1,0
conducted,stata,1,1,0
conjointdatachecks,r,1,1,0
conpute,stata,1,1,0
constitute_tools,python,1,1,0
constructMatchedCouldHaveDataset,stata,1,1,0
contourplot,stata,1,1,0
control_desig_prov_does_not_add_up_to_100,stata,1,1,0
control_prov_to_prov_does_not_add_up_to_100,stata,1,1,0
control_province_shares_not_add_up_to_100,stata,1,1,0
control_within_prov_does_not_add_up_to_100,stata,1,1,0
converse,stata,1,1,0
coords,stata,1,1,0
core_periphery_sbm,python,1,1,0
corpus.JSS.papers,r,1,1,0
corr,r,1,1,0
count0,stata,1,1,0
count_,stata,1,1,0
count_nearby,stata,1,1,0
counties_sdf,stata,1,1,0
county_fips,stata,1,1,0
county_group,stata,1,1,0
cp,r,1,1,0
create,stata,1,1,0
create_neighborhood_characteristics,stata,1,1,0
crisis2,stata,1,1,0
crs,stata,1,1,0
current,stata,1,1,0
d_logabsvi_v4_t2,stata,1,1,0
d_ret0,stata,1,1,0
d_vom_ab_pre_5,stata,1,1,0
da_fl,stata,1,1,0
dann_vet_fj,stata,1,1,0
database,stata,1,1,0
datdum,r,1,1,0
datetime,stata,1,1,1
dcnumlist,stata,1,1,0
dcolumn,r,1,1,0
dead,stata,1,1,0
deathsupd,stata,1,1,0
dec,stata,1,1,0
deepexplain,python,1,1,0
deficit,stata,1,1,0
definiert,stata,1,1,0
delete,stata,1,1,0
dem,stata,1,1,0
dem_education_cps,stata,1,1,0
demographics,stata,1,1,1
density,stata,1,1,0
dep,stata,1,1,0
dep_roc,stata,1,1,0
dessen,stata,1,1,0
detention_support,stata,1,1,0
devindper,stata,1,1,0
devoutrgl,r,1,1,0
df,stata,1,1,0
df0,stata,1,1,0
df1,stata,1,1,0
df2a,stata,1,1,0
df3,stata,1,1,0
df_fl,stata,1,1,0
digit,stata,1,1,1
dih_sample_sbee,stata,1,1,0
dipslay,stata,1,1,0
dis_gall,stata,1,1,0
dis_moz_gpath,stata,1,1,0
disappeared,stata,1,1,0
dk_fl,stata,1,1,0
doStata,r,1,1,0
do_tablea9,stata,1,1,0
docscrape_sphinx,python,1,1,0
doitashi,stata,1,1,0
donnermap,r,1,1,0
dop,stata,1,1,0
downloaded,stata,1,1,0
dpi,stata,1,1,0
drap,stata,1,1,0
draws,stata,1,1,0
drbest,stata,1,1,0
drop_bonus_rates,stata,1,1,0
drop_merge,stata,1,1,0
dsadsads,stata,1,1,0
due,stata,1,1,0
durl3,stata,1,1,0
dv1,stata,1,1,0
dv2,stata,1,1,0
dv3,stata,1,1,0
dv4,stata,1,1,0
dv5,stata,1,1,0
dwrap,stata,1,1,0
dyadRobust,r,1,1,0
dyadic,stata,1,1,1
dynIRT,r,1,1,0
dynsim_pcse,stata,1,1,2
dyplr,r,1,1,0
each,stata,1,1,0
eachoneFP,stata,1,1,0
easier,stata,1,1,0
eastern,stata,1,1,0
ecap,stata,1,1,0
ecmSim,r,1,1,0
ecs,stata,1,1,0
ecs_avg,stata,1,1,0
ecs_count,stata,1,1,0
ecs_country,stata,1,1,0
edit04,stata,1,1,0
educ,stata,1,1,0
educ_neu,stata,1,1,0
ee,stata,1,1,0
eerase,stata,1,1,0
effclusters_IK_CSS,stata,1,1,0
effpar_leg,stata,1,1,0
eigenvector,stata,1,1,0
eipasym,stata,1,1,0
eipupg,stata,1,1,0
eitcrange_yr_0,stata,1,1,0
eitcrange_yr_neg2,stata,1,1,0
eitcrange_yr_neg3,stata,1,1,0
eitcrange_yr_pos1,stata,1,1,0
eitcrange_yr_pos2,stata,1,1,0
eitcrange_yr_pos3,stata,1,1,0
eitcrange_yr_pos4,stata,1,1,0
elif,stata,1,1,0
eliot,r,1,1,0
emo,r,1,1,0
emojimoduleversion,python,1,1,0
emplind,stata,1,1,0
employer,stata,1,1,0
emt,stata,1,1,0
emu2,stata,1,1,0
ename,stata,1,1,0
end_date,stata,1,1,0
endstata,stata,1,1,0
energy,stata,1,1,0
enforced,stata,1,1,0
entire,stata,1,1,0
entsoe,python,1,1,0
environment_vars,stata,1,1,0
ep2,stata,1,1,0
eparty,stata,1,1,0
eqtapprov,stata,1,1,0
eretur,stata,1,1,0
err2,stata,1,1,0
esri2sf,r,1,1,0
est1add,stata,1,1,0
estimaes,stata,1,1,0
estimate_IRF_ML,stata,1,1,0
estimated,stata,1,1,0
estimates_eiso,stata,1,1,0
even,stata,1,1,0
eventstudyfig,stata,1,1,0
ever,stata,1,1,1
every,stata,1,1,0
evol2,stata,1,1,0
exchcd,stata,1,1,0
excludedcity,stata,1,1,0
execreqgpasym,stata,1,1,0
execreqgpupg,stata,1,1,0
exist,stata,1,1,0
exptot,stata,1,1,0
exr,r,1,1,0
ext_emo,stata,1,1,0
face_dataset,python,1,1,0
facetscales,r,1,1,0
factorAnalysis,r,1,1,0
fall,stata,1,1,0
fam_comfort,stata,1,1,0
fastDyadRobust,r,1,1,0
fc_fl,stata,1,1,0
fcntycd,stata,1,1,0
fcounty,stata,1,1,0
fdasave,stata,1,1,0
fdiinflows,stata,1,1,0
fdzinstall,r,1,1,0
female,stata,1,1,0
feols,r,1,1,0
ff10,stata,1,1,0
ffffffffff,stata,1,1,0
fg0,stata,1,1,0
fg1,stata,1,1,0
fg2,stata,1,1,0
fg2a,stata,1,1,0
fg3,stata,1,1,0
files,stata,1,1,0
fill,stata,1,1,0
fillMatrix,r,1,1,0
first,stata,1,1,0
fit2,stata,1,1,0
fit3,stata,1,1,0
fixabag,stata,1,1,0
fixed,stata,1,1,0
fl665_impute,stata,1,1,0
flagmissing,stata,1,1,0
fmarginsplot,stata,1,1,0
force_wife,stata,1,1,0
fqtr,stata,1,1,0
fralias,stata,1,1,0
fraster,r,1,1,0
frb,r,1,1,0
fread,r,1,1,0
fsearch,stata,1,1,0
fstcd,stata,1,1,0
funique,stata,1,1,1
fyearq,stata,1,1,0
gadm,r,1,1,0
gamstransfer,python,1,1,0
gdb,python,1,1,0
gdpgrowth,stata,1,1,0
gdppc2015_roc,stata,1,1,0
geb_dat,stata,1,1,0
gem,stata,1,1,0
gen_mover_predictions,stata,1,1,0
gen_ruc_memspec_old,stata,1,1,0
genenerate,stata,1,1,0
generate_feature_sets,python,1,1,0
generate_phats,stata,1,1,0
german,stata,1,1,0
german_compound_splitter,python,1,1,0
getPalette,stata,1,1,0
get_colors,stata,1,1,0
get_trans_graph_defaults,stata,1,1,0
getcartr,r,1,1,0
ggcounty,r,1,1,0
ggfixesst,r,1,1,0
ggforestplot,r,1,1,0
gggg,stata,1,1,0
gggggg,stata,1,1,0
ggplo2,r,1,1,0
ggpredict,r,1,1,0
ggpub,r,1,1,0
ggradar,r,1,1,0
ggrgl,r,1,1,0
ggwaffle,r,1,1,0
ggxmean,r,1,1,0
ghana_recode,stata,1,1,0
gi,stata,1,1,0
giniemi_tb00,stata,1,1,0
glmhdfe,stata,1,1,0
gov_left3,stata,1,1,0
gov_type,stata,1,1,0
govexpedu,stata,1,1,0
graphs_python_codes,python,1,1,0
grexportpdf,stata,1,1,2
gross_to_net,stata,1,1,0
grpah,stata,1,1,0
grr,stata,1,1,0
gssr,r,1,1,0
gssrdoc,r,1,1,0
gtools_project_statements,stata,1,1,0
gunzipfile,stata,1,1,2
gurobi,python,1,1,0
gvkey,stata,1,1,0
gzipfile,stata,1,1,1
hedu_age,stata,1,1,0
helm,stata,1,1,0
hhdage_rel1,stata,1,1,0
hi,stata,1,1,0
high_hincome_v2,stata,1,1,0
hinc,stata,1,1,0
homeowner,stata,1,1,0
household,stata,1,1,0
hrs,stata,1,1,0
i,r,1,1,0
i_weight,stata,1,1,0
iconv_codec,python,1,1,0
id_party,stata,1,1,0
idlaws_table_3,stata,1,1,0
idvol,stata,1,1,0
ieb_dba_id,stata,1,1,0
iebaltabse,stata,1,1,0
iezzoni,stata,1,1,0
ifenr,stata,1,1,0
ifndef,stata,1,1,0
ignore,stata,1,1,0
iimm,r,1,1,0
il,stata,1,1,0
imen_ppos_std_sp_01,stata,1,1,0
imen_ppos_std_sp_295,stata,1,1,0
imm_access,stata,1,1,0
immi,stata,1,1,0
impliedWords,r,1,1,0
imputed_variation,stata,1,1,0
inadvertently,stata,1,1,0
inauguration,r,1,1,0
incl,stata,1,1,0
including,stata,1,1,0
incsstemp,stata,1,1,0
industry,stata,1,1,0
infc,stata,1,1,0
infl,stata,1,1,0
information,stata,1,1,0
injury,stata,1,1,0
ins,stata,1,1,0
ins7_1,stata,1,1,0
ins8_1,stata,1,1,0
ins9_1,stata,1,1,0
intvwhite_,stata,1,1,0
invoked,stata,1,1,0
ior,stata,1,1,0
ipasym,stata,1,1,0
ipupg,stata,1,1,0
isnar,r,1,1,0
ist,stata,1,1,0
isympy,python,1,1,0
iter,r,1,1,0
its,stata,1,1,0
ivvam_interpret,stata,1,1,0
jksgfkasdhfhj,stata,1,1,0
job,stata,1,1,0
jobs,stata,1,1,0
ka_open,stata,1,1,0
kaboom,stata,1,1,0
kid_mom_match,stata,1,1,0
kill,stata,1,1,0
kiltsreader,python,1,1,0
kkbrott,stata,1,1,0
klasjdf,stata,1,1,0
know,stata,1,1,0
koRpus.lang.es,r,1,1,0
krusell_smith,python,1,1,0
l_frt_2015,stata,1,1,0
labal,stata,1,1,0
labelProp,r,1,1,0
labelVar,stata,1,1,2
lable,stata,1,1,0
land,stata,1,1,0
language,stata,1,1,0
laserize,r,1,1,0
later,stata,1,1,0
latex2r,r,1,1,0
latex_envs,python,1,1,0
lavaanEPC,r,1,1,0
lavel,stata,1,1,0
layer1,r,1,1,0
lcc,stata,1,1,0
lccc,stata,1,1,0
ldur3,stata,1,1,0
leader,stata,1,1,0
leebounds,r,1,1,0
left,stata,1,1,0
lent09,stata,1,1,0
level,stata,1,1,0
license,stata,1,1,0
lifetime_ue_age,stata,1,1,0
lines,stata,1,1,0
linked.table,r,1,1,0
liqapprov,stata,1,1,0
lissyrtools,r,1,1,0
lissyuse,stata,1,1,0
listcoeff,stata,1,1,0
livestock_prod_price_Blood,stata,1,1,0
livestock_prod_price_Honey,stata,1,1,0
livestock_prod_price_Wool,stata,1,1,0
lm.test,r,1,1,0
lngdppcpppc11d,stata,1,1,0
lnod3,stata,1,1,0
load_despair_data,stata,1,1,0
loadqcew,stata,1,1,1
locale,stata,1,1,0
localforecastrep,r,1,1,0
log_pop,stata,1,1,0
log_tuition,stata,1,1,0
logabsvi01_v4_t2_crrted,stata,1,1,0
logabsvi295_v4_t2_crrted,stata,1,1,0
lot,stata,1,1,0
lp_combine,stata,1,1,0
lpr_15,stata,1,1,0
lpr_55_64,stata,1,1,0
lpr_65,stata,1,1,0
lr_b90,stata,1,1,0
lr_green,stata,1,1,0
lsumm,stata,1,1,0
magrittr,stata,1,1,0
main,stata,1,1,69
make_cstat_20190610,stata,1,1,0
make_lpoly_clus,stata,1,1,0
makerace,stata,1,1,0
makereproducible,r,1,1,0
makes,stata,1,1,0
makespline,stata,1,1,0
manyRegressors,r,1,1,0
marginal,stata,1,1,0
mat_put_rr,stata,1,1,0
match_reb_data,stata,1,1,0
matchdataV2,stata,1,1,0
matorder,stata,1,1,0
matsize,stata,1,1,0
mbound,stata,1,1,0
mcntycd,stata,1,1,0
mean_age_ct,stata,1,1,0
mean_edu,stata,1,1,0
medVar1IDE,stata,1,1,0
medVar1IDEPID,stata,1,1,0
medVar1IDEeduc,stata,1,1,0
medVar1IDEflib,stata,1,1,0
medVar1IDEgender,stata,1,1,0
medVar1IDEideo,stata,1,1,0
medVar1IDEnatlecon,stata,1,1,0
medVar1IDEpi,stata,1,1,0
medVar1IDEpublic,stata,1,1,0
medVar1IDEunemp,stata,1,1,0
medVar1IDEunion,stata,1,1,0
medVar2IDE,stata,1,1,0
medVar2IDEPID,stata,1,1,0
medVar2IDEeduc,stata,1,1,0
medVar2IDEflib,stata,1,1,0
medVar2IDEgender,stata,1,1,0
medVar2IDEideo,stata,1,1,0
medVar2IDEnatlecon,stata,1,1,0
medVar2IDEpi,stata,1,1,0
medVar2IDEpublic,stata,1,1,0
medVar2IDEunemp,stata,1,1,0
medVar2IDEunion,stata,1,1,0
medVar3IDE,stata,1,1,0
medVar3IDEPID,stata,1,1,0
medVar3IDEeduc,stata,1,1,0
medVar3IDEflib,stata,1,1,0
medVar3IDEgender,stata,1,1,0
medVar3IDEideo,stata,1,1,0
medVar3IDEnatlecon,stata,1,1,0
medVar3IDEpi,stata,1,1,0
medVar3IDEpublic,stata,1,1,0
medVar3IDEunemp,stata,1,1,0
medVar3IDEunion,stata,1,1,0
median_income_ctex,stata,1,1,0
mediate,r,1,1,0
mediations,r,1,1,0
members,stata,1,1,0
memsic,r,1,1,0
mergemm,stata,1,1,0
metaselection,r,1,1,0
method,stata,1,1,0
metro,stata,1,1,0
miceadd,r,1,1,0
micro_summstats,stata,1,1,0
microfinance,stata,1,1,0
mil,stata,1,1,0
military,stata,1,1,0
minimal,stata,1,1,0
minvariance,r,1,1,0
ml4_ado,stata,1,1,0
mlocad1,stata,1,1,0
mlocad2,stata,1,1,0
mloccty,stata,1,1,0
mlocsta,stata,1,1,0
mloczip,stata,1,1,0
mname,stata,1,1,0
mnlresp,r,1,1,0
moby,stata,1,1,0
model,stata,1,1,2
mon,stata,1,1,0
moranfast,r,1,1,0
most,stata,1,1,0
movedin_ctex,stata,1,1,0
msacd,stata,1,1,0
msmsanm,stata,1,1,0
multiple,stata,1,1,0
multiwaycov,r,1,1,0
municipalities_n,stata,1,1,0
mxmaps,r,1,1,0
myIV2,stata,1,1,0
mycolor,stata,1,1,0
myfrappend,stata,1,1,0
naics,stata,1,1,0
name,stata,1,1,0
name.parser,r,1,1,0
nation,stata,1,1,0
ncdf4,stata,1,1,0
nearrebo,stata,1,1,0
need,stata,1,1,0
netbiov,r,1,1,0
new_buildings,stata,1,1,0
nicht,stata,1,1,0
nnt_V3,stata,1,1,0
no_hqadd_ctychg,stata,1,1,0
nodl3,stata,1,1,0
noinclyrs,stata,1,1,0
noinclyrs2,stata,1,1,0
noinclyrs3,stata,1,1,0
nonumbers,stata,1,1,0
normal,stata,1,1,0
normdiff,stata,1,1,1
notype,stata,1,1,0
np,stata,1,1,0
npcausal,r,1,1,0
nrdq,stata,1,1,0
ntree,stata,1,1,0
num,stata,1,1,0
num_ContactName7,stata,1,1,0
number,stata,1,1,0
numeric,stata,1,1,0
nwdegree,stata,1,1,3
observations,stata,1,1,0
ocal,stata,1,1,0
oecd_mnc_outward_rev4_restricted,stata,1,1,0
ogaps,stata,1,1,0
ogit,stata,1,1,0
oiplot,r,1,1,0
omitted,stata,1,1,0
one,stata,1,1,0
only,stata,1,1,0
oogabooga,stata,1,1,0
opcarrier,stata,1,1,0
openNLPmodels.de,r,1,1,0
openness_st,stata,1,1,0
opsoca,stata,1,1,0
option,stata,1,1,0
opts,stata,1,1,0
oreach,stata,1,1,0
oregon_heterogeneity_analysis,stata,1,1,0
original,stata,1,1,0
outdegree,stata,1,1,0
over,stata,1,1,0
overall_effect,stata,1,1,0
overview,stata,1,1,0
p_att_clerk_diff_j_not_USCA,stata,1,1,0
p_att_clerkship,stata,1,1,0
package,r,1,1,0
palmer,r,1,1,0
panel,stata,1,1,0
panelma,stata,1,1,0
parameters_benchmark,python,1,1,0
part,stata,1,1,0
part_pers,stata,1,1,0
partialout,stata,1,1,0
partt2_compAdv,stata,1,1,0
party_restrict,stata,1,1,0
pca1_,stata,1,1,0
pension_aggs,stata,1,1,0
percentage,stata,1,1,0
permanent,stata,1,1,0
permno,stata,1,1,0
permutevar,stata,1,1,1
perrem,stata,1,1,0
pers,stata,1,1,0
personage_num,stata,1,1,0
phi_pt,stata,1,1,0
pib,r,1,1,0
pip,stata,1,1,0
pkgs,r,1,1,0
placebo,stata,1,1,3
plot_lifecycle_mom,stata,1,1,0
plottrix,r,1,1,0
polity,stata,1,1,0
polity_lagged_,stata,1,1,0
pop_density,stata,1,1,0
poplog,stata,1,1,0
postMCMCglmm,r,1,1,0
post_1,stata,1,1,0
post_2,stata,1,1,0
post_3,stata,1,1,0
post_totnorm,stata,1,1,0
postmastr,r,1,1,0
povratio_,stata,1,1,0
powersizesimu,stata,1,1,0
ppe,r,1,1,0
pr0,stata,1,1,0
pr1,stata,1,1,0
pr2,stata,1,1,0
pr2a,stata,1,1,0
pr3,stata,1,1,0
pre_1,stata,1,1,0
pre_2,stata,1,1,0
pre_3,stata,1,1,0
pre_4,stata,1,1,0
pre_5,stata,1,1,0
pre_6,stata,1,1,0
pre_7,stata,1,1,0
pre_8,stata,1,1,0
pre_9,stata,1,1,0
precalc,stata,1,1,0
pref_for_field,stata,1,1,0
present,stata,1,1,0
prison_support,stata,1,1,0
privatepolice_support,stata,1,1,0
privatization,stata,1,1,0
pro_aciv,stata,1,1,0
progaram,stata,1,1,0
programm,stata,1,1,0
prot,stata,1,1,0
pscores_mdrd2_ms,stata,1,1,0
pte,r,1,1,0
pull_moves,stata,1,1,0
purchased,stata,1,1,0
purr,r,1,1,0
pvar2,stata,1,1,0
pwanglib,python,1,1,0
pwtest,r,1,1,0
py_modules,python,1,1,0
qn6,stata,1,1,0
qno,stata,1,1,0
qtrs,stata,1,1,0
quantprod_cassava_goro,stata,1,1,0
quantprod_cowpeas_goro,stata,1,1,0
quantprod_cowpeas_l_goro,stata,1,1,0
quantprod_groundnuts_goro,stata,1,1,0
quantprod_indveg_goro,stata,1,1,0
quarter,stata,1,1,0
quielty,stata,1,1,0
quietlygen,stata,1,1,0
qval,r,1,1,0
r,stata,1,1,0
rKenyaCensus,r,1,1,0
r_att_clerkship,stata,1,1,0
ra_fl,stata,1,1,0
raph,stata,1,1,0
raster,stata,1,1,0
rc,stata,1,1,0
rddisttest,stata,1,1,0
rdfanalysis,r,1,1,0
rdq1,stata,1,1,0
rdqtese,stata,1,1,0
readxlsx,r,1,1,0
rease,stata,1,1,0
rechat,r,1,1,0
recorded,stata,1,1,0
redres,r,1,1,0
reform,stata,1,1,0
refs_flag,stata,1,1,0
regdecline,stata,1,1,0
regexhelpeR,r,1,1,0
region_ba_aloq_zivall,stata,1,1,0
regress_partialout,stata,1,1,0
regressby,stata,1,1,0
regressby4,stata,1,1,0
rel1_age,stata,1,1,0
rel1_siz,stata,1,1,0
rel1_yea,stata,1,1,0
renae,stata,1,1,0
repalce,stata,1,1,0
reptree,r,1,1,0
rescale_dalms_appavailable,stata,1,1,0
rescued,stata,1,1,0
reshanpe,stata,1,1,0
resj,stata,1,1,0
restarea,stata,1,1,0
result,stata,1,1,0
ret_pr_gr_hw,stata,1,1,0
retail,stata,1,1,0
retire_ratio_ct,stata,1,1,0
rfile,stata,1,1,0
rgdppc,stata,1,1,0
rivtestRAJ,stata,1,1,0
robustness,stata,1,1,2
roc0,stata,1,1,0
roc1,stata,1,1,0
roc2,stata,1,1,0
roc2a,stata,1,1,0
roc3,stata,1,1,0
rptlag,stata,1,1,0
rq_fl,stata,1,1,0
rr_1,stata,1,1,0
rred00,stata,1,1,0
rredistr,stata,1,1,0
rreplace,stata,1,1,0
rspatial,r,1,1,0
ru,stata,1,1,0
rword2vec,r,1,1,0
rxi,stata,1,1,0
s14_mat_val_all_CattleMi,stata,1,1,0
s14_mature_price_CattleMi,stata,1,1,0
s14_purchased_CattleMi,stata,1,1,0
s14_purchased_other,stata,1,1,0
s14_sold_Chicken,stata,1,1,0
sadj,stata,1,1,0
same,stata,1,1,0
sasinput,stata,1,1,0
saveKidCount2001_w3,stata,1,1,0
save_coeff_m,stata,1,1,0
save_error,stata,1,1,0
savemarginpredictionplots,stata,1,1,0
scale,stata,1,1,0
scf_stderrors_ratio,stata,1,1,0
scons_returncode,stata,1,1,0
scpcR,r,1,1,0
sdcR,r,1,1,0
sdf,stata,1,1,0
se_beta,stata,1,1,0
section2,python,1,1,0
sector_manufacturing,stata,1,1,0
see,stata,1,1,0
select,stata,1,1,1
selmlog,stata,1,1,0
serv,stata,1,1,0
set_paths,stata,1,1,0
share_black,stata,1,1,0
share_int_mig_within_prov_does_not_add_up_to_100,stata,1,1,0
shremp_v1,stata,1,1,0
sigma2,stata,1,1,0
silje,r,1,1,0
sind_p_ctex,stata,1,1,0
slopegraph,r,1,1,0
slvNSLvn,stata,1,1,0
smappR,r,1,1,0
smcltags,stata,1,1,0
soc_grade,stata,1,1,0
socialsecurity,stata,1,1,0
socialservices,stata,1,1,0
socprotben,stata,1,1,0
solved_block,python,1,1,0
somehow,stata,1,1,0
sp500,stata,1,1,0
speculative_reading,python,1,1,0
specurve,stata,1,1,0
splitmult,stata,1,1,0
ss_fl,stata,1,1,0
statistically,stata,1,1,0
std,r,1,1,0
stderr_calibration,python,1,1,0
stop_stop,stata,1,1,0
stopit2,stata,1,1,0
stopp,stata,1,1,0
stplot,stata,1,1,0
str25,stata,1,1,0
strcompress,stata,1,1,0
streetcar,stata,1,1,0
strin,r,1,1,0
stringer,r,1,1,0
stringfix,r,1,1,0
stringmatch,r,1,1,0
stroke,stata,1,1,0
sub,stata,1,1,0
subtitle,stata,1,1,4
sue_2,stata,1,1,0
sum_n_med_r,stata,1,1,0
summarize_delta,stata,1,1,0
supply,stata,1,1,0
support,stata,1,1,0
surplusgov,stata,1,1,0
surveytoolbox,r,1,1,0
swap,stata,1,1,0
sz_fl,stata,1,1,0
t_beta,stata,1,1,0
table,r,1,1,0
taxratesDE2010,stata,1,1,0
tcontourplot,stata,1,1,0
telno,stata,1,1,0
terms,stata,1,1,0
testfixedb,stata,1,1,0
tests,python,1,1,0
texas_county,stata,1,1,0
texdox,stata,1,1,0
texsave2,stata,1,1,0
than,stata,1,1,0
thatssorandom,r,1,1,0
they,stata,1,1,0
through,stata,1,1,0
tidystm,r,1,1,0
timerec,stata,1,1,0
tk,stata,1,1,0
tlda_final_validation,python,1,1,0
total_msg_past_3m,stata,1,1,0
trade,stata,1,1,0
transport,stata,1,1,0
trash,stata,1,1,0
treatment_group,stata,1,1,0
tresp,stata,1,1,0
tridentnet,python,1,1,0
true,stata,1,1,0
tsa,stata,1,1,0
tscsdep,r,1,1,0
tuition_08_imp1,stata,1,1,0
tweetscores,r,1,1,0
twinkle,r,1,1,0
two_asset,python,1,1,0
umb_count,stata,1,1,0
unemploym,stata,1,1,0
unhcrdatapackage,r,1,1,0
uninstall_asdoc,stata,1,1,0
unless,stata,1,1,0
unopvarlist,stata,1,1,0
unrecognized,stata,1,1,0
up,stata,1,1,0
urban,stata,1,1,0
v12,stata,1,1,0
v2dlengage,stata,1,1,0
v2x_diagacc,stata,1,1,0
v2x_polyarchy,stata,1,1,0
v2x_veracc,stata,1,1,0
vInbound_i_oth,stata,1,1,0
vInbound_i_rd,stata,1,1,0
vInbound_i_rw,stata,1,1,0
vInbound_j_oth,stata,1,1,0
vInbound_j_rd,stata,1,1,0
vInbound_j_rw,stata,1,1,0
vWSums_i_oth,stata,1,1,0
vWSums_i_rd,stata,1,1,0
vWSums_i_rw,stata,1,1,0
v_b90,stata,1,1,0
value,stata,1,1,0
varabbrev,stata,1,1,0
vareffects,stata,1,1,0
variable,stata,1,1,0
varlabels,stata,1,1,0
vcv,stata,1,1,0
vdem,r,1,1,0
veto,stata,1,1,0
vetservices,stata,1,1,0
viol_received,stata,1,1,0
viol_sex,stata,1,1,0
virtual_btw_13_quote,stata,1,1,0
volunteer,stata,1,1,0
vom_ab01_pre_r,stata,1,1,0
vom_ab95_pre_r,stata,1,1,0
von,stata,1,1,0
vturn,stata,1,1,0
w8,stata,1,1,0
wage_mo,stata,1,1,0
was,stata,1,1,0
wbqog,stata,1,1,0
wci,stata,1,1,0
wci_new_,stata,1,1,0
wealth,stata,1,1,0
were,stata,1,1,0
where,stata,1,1,0
wi1_pla1,stata,1,1,0
wi2_pla1,stata,1,1,0
wi3_pla1,stata,1,1,0
wi4_pla1,stata,1,1,0
wickr,r,1,1,0
width,stata,1,1,0
win32service,python,1,1,0
wir,stata,1,1,0
work_stat,stata,1,1,0
wrap,stata,1,1,0
write_ger,stata,1,1,0
www,stata,1,1,0
x1106,stata,1,1,0
x1111,stata,1,1,0
x2201,stata,1,1,0
x2206,stata,1,1,0
x42001,stata,1,1,0
xad,stata,1,1,0
xtmelogit2,stata,1,1,0
xxforeach,stata,1,1,0
xxxxx,stata,1,1,0
xxxxxxx,stata,1,1,0
xxxxxxxxxxxxxxxxx,stata,1,1,0
xxxxxxxxxxxxxxxxxxxxxxxxxxxxxxxxxxxxxxxxxxxxxxxxxxxxxxxxx,stata,1,1,0
xxxxxxxxxxxxxxxxxxxxxxxxxxxxxxxxxxxxxxxxxxxxxxxxxxxxxxxxxxxxxxxxxx,stata,1,1,0
y,stata,1,1,0
y1,stata,1,1,0
y2,stata,1,1,0
ylim,stata,1,1,0
yr_ret,stata,1,1,0
yup,stata,1,1,0
yy1,stata,1,1,0
z_age_omnibus_18,stata,1,1,0
z_geschlecht,stata,1,1,0
zaccountability5,stata,1,1,0
zcorp_infl5,stata,1,1,0
zones,stata,1,1,0
