type,id,title,identifier,persistentUrl,protocol,authority,separator,publisher,publicationDate,storageIdentifier,datasetType
dataverse,2715959,"Replication data for: ""Intra-Party Politics and Public Opinion: How Candidate Selection Processes affect Citizens' Satisfaction with Democracy"" Dataverse",,,,,,,,,
dataverse,2892146,Clifford and Piston Disgust and Opinion About Homelessness Policy Dataverse,,,,,,,,,
dataset,2710805,,DVN/MCMKKT,https://doi.org/10.7910/DVN/MCMKKT,doi,10.7910,/,Harvard Dataverse,2015-09-22,s3://10.7910/DVN/MCMKKT,dataset
dataset,2711360,,DVN/JC2QJ0,https://doi.org/10.7910/DVN/JC2QJ0,doi,10.7910,/,Harvard Dataverse,2018-04-14,s3://10.7910/DVN/JC2QJ0,dataset
dataset,2711909,,DVN/12SK8B,https://doi.org/10.7910/DVN/12SK8B,doi,10.7910,/,Harvard Dataverse,2015-10-08,s3://10.7910/DVN/12SK8B,dataset
dataset,2712052,,DVN/B9OYRP,https://doi.org/10.7910/DVN/B9OYRP,doi,10.7910,/,Harvard Dataverse,2015-10-07,s3://10.7910/DVN/B9OYRP,dataset
dataset,2717180,,DVN/KJCN21,https://doi.org/10.7910/DVN/KJCN21,doi,10.7910,/,Harvard Dataverse,2016-07-22,s3://10.7910/DVN/KJCN21,dataset
dataset,2719088,,DVN/MFJMQN,https://doi.org/10.7910/DVN/MFJMQN,doi,10.7910,/,Harvard Dataverse,2015-10-26,s3://10.7910/DVN/MFJMQN,dataset
dataset,2728461,,DVN/5JS2AB,https://doi.org/10.7910/DVN/5JS2AB,doi,10.7910,/,Harvard Dataverse,2018-03-23,s3://10.7910/DVN/5JS2AB,dataset
dataset,2745523,,DVN/2B9T2H,https://doi.org/10.7910/DVN/2B9T2H,doi,10.7910,/,Harvard Dataverse,2015-12-18,s3://10.7910/DVN/2B9T2H,dataset
dataset,2769716,,DVN/C5OXWN,https://doi.org/10.7910/DVN/C5OXWN,doi,10.7910,/,Harvard Dataverse,2016-01-04,s3://10.7910/DVN/C5OXWN,dataset
dataset,2784419,,DVN/MCV1LU,https://doi.org/10.7910/DVN/MCV1LU,doi,10.7910,/,Harvard Dataverse,2018-03-23,s3://10.7910/DVN/MCV1LU,dataset
dataset,2796151,,DVN/PEXMHA,https://doi.org/10.7910/DVN/PEXMHA,doi,10.7910,/,Harvard Dataverse,2016-03-24,s3://10.7910/DVN/PEXMHA,dataset
dataset,2797846,,DVN/XIPZQT,https://doi.org/10.7910/DVN/XIPZQT,doi,10.7910,/,Harvard Dataverse,2016-03-29,s3://10.7910/DVN/XIPZQT,dataset
dataset,2809490,,DVN/D155SP,https://doi.org/10.7910/DVN/D155SP,doi,10.7910,/,Harvard Dataverse,2016-11-18,s3://10.7910/DVN/D155SP,dataset
dataset,2826346,,DVN/NBTRGA,https://doi.org/10.7910/DVN/NBTRGA,doi,10.7910,/,Harvard Dataverse,2016-05-26,s3://10.7910/DVN/NBTRGA,dataset
dataset,2829686,,DVN/TGKZ2T,https://doi.org/10.7910/DVN/TGKZ2T,doi,10.7910,/,Harvard Dataverse,2016-05-18,s3://10.7910/DVN/TGKZ2T,dataset
dataset,2836406,,DVN/XFHBPO,https://doi.org/10.7910/DVN/XFHBPO,doi,10.7910,/,Harvard Dataverse,2016-05-26,s3://10.7910/DVN/XFHBPO,dataset
dataset,2839516,,DVN/EXVUEA,https://doi.org/10.7910/DVN/EXVUEA,doi,10.7910,/,Harvard Dataverse,2016-06-06,s3://10.7910/DVN/EXVUEA,dataset
dataset,2841388,,DVN/CEAAAT,https://doi.org/10.7910/DVN/CEAAAT,doi,10.7910,/,Harvard Dataverse,2016-06-16,s3://10.7910/DVN/CEAAAT,dataset
dataset,2848223,,DVN/SING1G,https://doi.org/10.7910/DVN/SING1G,doi,10.7910,/,Harvard Dataverse,2016-06-30,s3://10.7910/DVN/SING1G,dataset
dataset,2851414,,DVN/NW4LIO,https://doi.org/10.7910/DVN/NW4LIO,doi,10.7910,/,Harvard Dataverse,2016-07-11,s3://10.7910/DVN/NW4LIO,dataset
dataset,2851666,,DVN/UYUZYA,https://doi.org/10.7910/DVN/UYUZYA,doi,10.7910,/,Harvard Dataverse,2016-07-13,s3://10.7910/DVN/UYUZYA,dataset
dataset,2853238,,DVN/QGEQCQ,https://doi.org/10.7910/DVN/QGEQCQ,doi,10.7910,/,Harvard Dataverse,2016-11-07,s3://10.7910/DVN/QGEQCQ,dataset
dataset,2862402,,DVN/DIIQF7,https://doi.org/10.7910/DVN/DIIQF7,doi,10.7910,/,Harvard Dataverse,2016-08-02,s3://10.7910/DVN/DIIQF7,dataset
dataset,2865305,,DVN/EDEJND,https://doi.org/10.7910/DVN/EDEJND,doi,10.7910,/,Harvard Dataverse,2018-03-23,s3://10.7910/DVN/EDEJND,dataset
dataset,2865471,,DVN/SCN9LA,https://doi.org/10.7910/DVN/SCN9LA,doi,10.7910,/,Harvard Dataverse,2016-11-16,s3://10.7910/DVN/SCN9LA,dataset
dataset,2886123,,DVN/G7EOGT,https://doi.org/10.7910/DVN/G7EOGT,doi,10.7910,/,Harvard Dataverse,2018-03-23,s3://10.7910/DVN/G7EOGT,dataset
dataset,2887406,,DVN/BP5G4Q,https://doi.org/10.7910/DVN/BP5G4Q,doi,10.7910,/,Harvard Dataverse,2016-09-25,s3://10.7910/DVN/BP5G4Q,dataset
dataset,2887441,,DVN/ERNXOP,https://doi.org/10.7910/DVN/ERNXOP,doi,10.7910,/,Harvard Dataverse,2016-09-26,s3://10.7910/DVN/ERNXOP,dataset
dataset,2902783,,DVN/5VJF4S,https://doi.org/10.7910/DVN/5VJF4S,doi,10.7910,/,Harvard Dataverse,2016-10-14,s3://10.7910/DVN/5VJF4S,dataset
dataset,2908476,,DVN/T5FLOH,https://doi.org/10.7910/DVN/T5FLOH,doi,10.7910,/,Harvard Dataverse,2016-10-26,s3://10.7910/DVN/T5FLOH,dataset
dataset,2962621,,DVN/MBAVJW,https://doi.org/10.7910/DVN/MBAVJW,doi,10.7910,/,Harvard Dataverse,2016-12-03,s3://10.7910/DVN/MBAVJW,dataset
dataset,2963367,,DVN/P9SUH8,https://doi.org/10.7910/DVN/P9SUH8,doi,10.7910,/,Harvard Dataverse,2016-12-08,s3://10.7910/DVN/P9SUH8,dataset
dataset,2968461,,DVN/XCLNIE,https://doi.org/10.7910/DVN/XCLNIE,doi,10.7910,/,Harvard Dataverse,2018-03-23,s3://10.7910/DVN/XCLNIE,dataset
dataset,2969994,,DVN/AHUIEC,https://doi.org/10.7910/DVN/AHUIEC,doi,10.7910,/,Harvard Dataverse,2018-03-23,s3://10.7910/DVN/AHUIEC,dataset
dataset,2970234,,DVN/HRUGSI,https://doi.org/10.7910/DVN/HRUGSI,doi,10.7910,/,Harvard Dataverse,2017-01-12,s3://10.7910/DVN/HRUGSI,dataset
dataset,2970342,,DVN/SGKPSH,https://doi.org/10.7910/DVN/SGKPSH,doi,10.7910,/,Harvard Dataverse,2017-01-13,s3://10.7910/DVN/SGKPSH,dataset
dataset,2972351,,DVN/BEQRZC,https://doi.org/10.7910/DVN/BEQRZC,doi,10.7910,/,Harvard Dataverse,2017-01-31,s3://10.7910/DVN/BEQRZC,dataset
dataset,2995464,,DVN/4JXJWI,https://doi.org/10.7910/DVN/4JXJWI,doi,10.7910,/,Harvard Dataverse,2017-02-26,s3://10.7910/DVN/4JXJWI,dataset
dataset,3000457,,DVN/LD9STS,https://doi.org/10.7910/DVN/LD9STS,doi,10.7910,/,Harvard Dataverse,2017-02-21,s3://10.7910/DVN/LD9STS,dataset
dataset,3001073,,DVN/NM7VK7,https://doi.org/10.7910/DVN/NM7VK7,doi,10.7910,/,Harvard Dataverse,2017-02-21,s3://dvn-cloud:10.7910/DVN/NM7VK7,dataset
dataset,3004315,,DVN/UYUU9G,https://doi.org/10.7910/DVN/UYUU9G,doi,10.7910,/,Harvard Dataverse,2017-03-02,s3://10.7910/DVN/UYUU9G,dataset
dataset,3009761,,DVN/DY1282,https://doi.org/10.7910/DVN/DY1282,doi,10.7910,/,Harvard Dataverse,2017-03-30,s3://10.7910/DVN/DY1282,dataset
dataset,3013046,,DVN/9DAQH4,https://doi.org/10.7910/DVN/9DAQH4,doi,10.7910,/,Harvard Dataverse,2017-04-18,s3://10.7910/DVN/9DAQH4,dataset
dataset,3014451,,DVN/6IRW0N,https://doi.org/10.7910/DVN/6IRW0N,doi,10.7910,/,Harvard Dataverse,2018-03-23,s3://10.7910/DVN/6IRW0N,dataset
dataset,3014633,,DVN/2ZEVWT,https://doi.org/10.7910/DVN/2ZEVWT,doi,10.7910,/,Harvard Dataverse,2018-01-24,s3://10.7910/DVN/2ZEVWT,dataset
dataset,3017091,,DVN/HZBYG7,https://doi.org/10.7910/DVN/HZBYG7,doi,10.7910,/,Harvard Dataverse,2017-05-08,s3://10.7910/DVN/HZBYG7,dataset
dataset,3018240,,DVN/VXVBNI,https://doi.org/10.7910/DVN/VXVBNI,doi,10.7910,/,Harvard Dataverse,2017-05-17,s3://10.7910/DVN/VXVBNI,dataset
dataset,3019112,,DVN/YQNLWF,https://doi.org/10.7910/DVN/YQNLWF,doi,10.7910,/,Harvard Dataverse,2017-05-21,s3://dvn-cloud:10.7910/DVN/YQNLWF,dataset
dataset,3020248,,DVN/XZJP2J,https://doi.org/10.7910/DVN/XZJP2J,doi,10.7910,/,Harvard Dataverse,2017-05-27,s3://10.7910/DVN/XZJP2J,dataset
dataset,3021537,,DVN/NPQ3FB,https://doi.org/10.7910/DVN/NPQ3FB,doi,10.7910,/,Harvard Dataverse,2017-05-31,s3://10.7910/DVN/NPQ3FB,dataset
dataset,3021638,,DVN/WYTRZC,https://doi.org/10.7910/DVN/WYTRZC,doi,10.7910,/,Harvard Dataverse,2017-06-01,s3://10.7910/DVN/WYTRZC,dataset
dataset,3023059,,DVN/B3YH3T,https://doi.org/10.7910/DVN/B3YH3T,doi,10.7910,/,Harvard Dataverse,2017-06-06,s3://10.7910/DVN/B3YH3T,dataset
dataset,3027892,,DVN/WSUHI3,https://doi.org/10.7910/DVN/WSUHI3,doi,10.7910,/,Harvard Dataverse,2017-06-16,s3://10.7910/DVN/WSUHI3,dataset
dataset,3028703,,DVN/LK5ARP,https://doi.org/10.7910/DVN/LK5ARP,doi,10.7910,/,Harvard Dataverse,2017-06-28,s3://10.7910/DVN/LK5ARP,dataset
dataset,3032394,,DVN/GUAY8P,https://doi.org/10.7910/DVN/GUAY8P,doi,10.7910,/,Harvard Dataverse,2017-06-30,s3://10.7910/DVN/GUAY8P,dataset
dataset,3033693,,DVN/CQNETA,https://doi.org/10.7910/DVN/CQNETA,doi,10.7910,/,Harvard Dataverse,2017-08-11,s3://10.7910/DVN/CQNETA,dataset
dataset,3036270,,DVN/LTJIDX,https://doi.org/10.7910/DVN/LTJIDX,doi,10.7910,/,Harvard Dataverse,2017-07-14,s3://10.7910/DVN/LTJIDX,dataset
dataset,3036329,,DVN/OBGAHG,https://doi.org/10.7910/DVN/OBGAHG,doi,10.7910,/,Harvard Dataverse,2017-07-24,s3://10.7910/DVN/OBGAHG,dataset
dataset,3037568,,DVN/QZVK4B,https://doi.org/10.7910/DVN/QZVK4B,doi,10.7910,/,Harvard Dataverse,2017-07-22,s3://10.7910/DVN/QZVK4B,dataset
dataset,3042438,,DVN/WKQTNZ,https://doi.org/10.7910/DVN/WKQTNZ,doi,10.7910,/,Harvard Dataverse,2017-08-08,s3://10.7910/DVN/WKQTNZ,dataset
dataset,3050347,,DVN/CTAY6U,https://doi.org/10.7910/DVN/CTAY6U,doi,10.7910,/,Harvard Dataverse,2018-02-22,s3://10.7910/DVN/CTAY6U,dataset
dataset,3050357,,DVN/WP7ETR,https://doi.org/10.7910/DVN/WP7ETR,doi,10.7910,/,Harvard Dataverse,2017-08-31,s3://dvn-cloud:10.7910/DVN/WP7ETR,dataset
dataset,3051090,,DVN/KGUTGA,https://doi.org/10.7910/DVN/KGUTGA,doi,10.7910,/,Harvard Dataverse,2017-09-08,s3://10.7910/DVN/KGUTGA,dataset
dataset,3054215,,DVN/3IHOLN,https://doi.org/10.7910/DVN/3IHOLN,doi,10.7910,/,Harvard Dataverse,2017-09-26,s3://10.7910/DVN/3IHOLN,dataset
dataset,3055452,,DVN/7EGFAM,https://doi.org/10.7910/DVN/7EGFAM,doi,10.7910,/,Harvard Dataverse,2017-10-02,s3://10.7910/DVN/7EGFAM,dataset
dataset,3055879,,DVN/C3RSF5,https://doi.org/10.7910/DVN/C3RSF5,doi,10.7910,/,Harvard Dataverse,2017-10-05,s3://10.7910/DVN/C3RSF5,dataset
dataset,3061618,,DVN/RRBQAU,https://doi.org/10.7910/DVN/RRBQAU,doi,10.7910,/,Harvard Dataverse,2017-10-23,s3://10.7910/DVN/RRBQAU,dataset
dataset,3072498,,DVN/6HALRE,https://doi.org/10.7910/DVN/6HALRE,doi,10.7910,/,Harvard Dataverse,2018-03-23,s3://10.7910/DVN/6HALRE,dataset
dataset,3084985,,DVN/SUS2KV,https://doi.org/10.7910/DVN/SUS2KV,doi,10.7910,/,Harvard Dataverse,2017-12-07,s3://10.7910/DVN/SUS2KV,dataset
dataset,3086997,,DVN/ISJPJN,https://doi.org/10.7910/DVN/ISJPJN,doi,10.7910,/,Harvard Dataverse,2018-03-23,s3://10.7910/DVN/ISJPJN,dataset
dataset,3088328,,DVN/SHADUV,https://doi.org/10.7910/DVN/SHADUV,doi,10.7910,/,Harvard Dataverse,2017-12-09,s3://10.7910/DVN/SHADUV,dataset
dataset,3093006,,DVN/AGRX5U,https://doi.org/10.7910/DVN/AGRX5U,doi,10.7910,/,Harvard Dataverse,2017-12-28,s3://10.7910/DVN/AGRX5U,dataset
dataset,3095014,,DVN/OUAYYH,https://doi.org/10.7910/DVN/OUAYYH,doi,10.7910,/,Harvard Dataverse,2018-01-02,s3://10.7910/DVN/OUAYYH,dataset
dataset,3096608,,DVN/BMTO0R,https://doi.org/10.7910/DVN/BMTO0R,doi,10.7910,/,Harvard Dataverse,2018-01-03,s3://10.7910/DVN/BMTO0R,dataset
dataset,3108921,,DVN/XTJRQN,https://doi.org/10.7910/DVN/XTJRQN,doi,10.7910,/,Harvard Dataverse,2018-01-26,s3://10.7910/DVN/XTJRQN,dataset
dataset,3121269,,DVN/59F366,https://doi.org/10.7910/DVN/59F366,doi,10.7910,/,Harvard Dataverse,2018-02-13,s3://10.7910/DVN/59F366,dataset
dataset,3122671,,DVN/MT7XU0,https://doi.org/10.7910/DVN/MT7XU0,doi,10.7910,/,Harvard Dataverse,2018-02-07,s3://10.7910/DVN/MT7XU0,dataset
dataset,3124059,,DVN/HMYNRV,https://doi.org/10.7910/DVN/HMYNRV,doi,10.7910,/,Harvard Dataverse,2018-02-12,file,dataset
dataset,3126630,,DVN/E4I6ZV,https://doi.org/10.7910/DVN/E4I6ZV,doi,10.7910,/,Harvard Dataverse,2018-03-23,s3://10.7910/DVN/E4I6ZV,dataset
dataset,3129862,,DVN/PVIGW1,https://doi.org/10.7910/DVN/PVIGW1,doi,10.7910,/,Harvard Dataverse,2018-03-02,s3://10.7910/DVN/PVIGW1,dataset
dataset,3135386,,DVN/U23L09,https://doi.org/10.7910/DVN/U23L09,doi,10.7910,/,Harvard Dataverse,2018-03-19,s3://10.7910/DVN/U23L09,dataset
dataset,3135601,,DVN/H6DWAO,https://doi.org/10.7910/DVN/H6DWAO,doi,10.7910,/,Harvard Dataverse,2018-03-23,s3://10.7910/DVN/H6DWAO,dataset
dataset,3138852,,DVN/CORRXG,https://doi.org/10.7910/DVN/CORRXG,doi,10.7910,/,Harvard Dataverse,2018-04-02,s3://10.7910/DVN/CORRXG,dataset
dataset,3142518,,DVN/AJYEDA,https://doi.org/10.7910/DVN/AJYEDA,doi,10.7910,/,Harvard Dataverse,2018-04-14,s3://10.7910/DVN/AJYEDA,dataset
dataset,3143646,,DVN/OXZXUB,https://doi.org/10.7910/DVN/OXZXUB,doi,10.7910,/,Harvard Dataverse,2018-04-16,s3://10.7910/DVN/OXZXUB,dataset
dataset,3144024,,DVN/RYJK3W,https://doi.org/10.7910/DVN/RYJK3W,doi,10.7910,/,Harvard Dataverse,2018-06-27,s3://10.7910/DVN/RYJK3W,dataset
dataset,3146634,,DVN/IZKZET,https://doi.org/10.7910/DVN/IZKZET,doi,10.7910,/,Harvard Dataverse,2018-04-23,s3://10.7910/DVN/IZKZET,dataset
dataset,3148646,,DVN/UX39M4,https://doi.org/10.7910/DVN/UX39M4,doi,10.7910,/,Harvard Dataverse,2018-04-30,s3://10.7910/DVN/UX39M4,dataset
dataset,3151952,,DVN/92ELXT,https://doi.org/10.7910/DVN/92ELXT,doi,10.7910,/,Harvard Dataverse,2018-05-08,s3://10.7910/DVN/92ELXT,dataset
dataset,3151957,,DVN/QHMXAQ,https://doi.org/10.7910/DVN/QHMXAQ,doi,10.7910,/,Harvard Dataverse,2018-05-08,s3://10.7910/DVN/QHMXAQ,dataset
dataset,3154016,,DVN/URJM7O,https://doi.org/10.7910/DVN/URJM7O,doi,10.7910,/,Harvard Dataverse,2018-05-15,s3://10.7910/DVN/URJM7O,dataset
dataset,3154276,,DVN/TKORD8,https://doi.org/10.7910/DVN/TKORD8,doi,10.7910,/,Harvard Dataverse,2018-05-28,s3://10.7910/DVN/TKORD8,dataset
dataset,3156791,,DVN/IJEWYV,https://doi.org/10.7910/DVN/IJEWYV,doi,10.7910,/,Harvard Dataverse,2018-05-24,s3://10.7910/DVN/IJEWYV,dataset
dataset,3160200,,DVN/LAYMOS,https://doi.org/10.7910/DVN/LAYMOS,doi,10.7910,/,Harvard Dataverse,2018-06-27,s3://10.7910/DVN/LAYMOS,dataset
dataset,3172670,,DVN/2JCJLX,https://doi.org/10.7910/DVN/2JCJLX,doi,10.7910,/,Harvard Dataverse,2018-06-25,s3://10.7910/DVN/2JCJLX,dataset
dataset,3175177,,DVN/0AX8T1,https://doi.org/10.7910/DVN/0AX8T1,doi,10.7910,/,Harvard Dataverse,2018-06-11,s3://10.7910/DVN/0AX8T1,dataset
dataset,3175435,,DVN/Z0F7KO,https://doi.org/10.7910/DVN/Z0F7KO,doi,10.7910,/,Harvard Dataverse,2018-06-27,s3://10.7910/DVN/Z0F7KO,dataset
dataset,3175823,,DVN/MS0NFV,https://doi.org/10.7910/DVN/MS0NFV,doi,10.7910,/,Harvard Dataverse,2018-06-27,s3://10.7910/DVN/MS0NFV,dataset
dataset,3179064,,DVN/4SIEEF,https://doi.org/10.7910/DVN/4SIEEF,doi,10.7910,/,Harvard Dataverse,2018-06-21,s3://10.7910/DVN/4SIEEF,dataset
dataset,3180733,,DVN/SVGV76,https://doi.org/10.7910/DVN/SVGV76,doi,10.7910,/,Harvard Dataverse,2018-06-27,s3://10.7910/DVN/SVGV76,dataset
dataset,3181170,,DVN/O9UVFU,https://doi.org/10.7910/DVN/O9UVFU,doi,10.7910,/,Harvard Dataverse,2018-06-27,s3://10.7910/DVN/O9UVFU,dataset
dataset,3184572,,DVN/1HPT9N,https://doi.org/10.7910/DVN/1HPT9N,doi,10.7910,/,Harvard Dataverse,2018-07-10,s3://10.7910/DVN/1HPT9N,dataset
dataset,3184788,,DVN/XBWR8N,https://doi.org/10.7910/DVN/XBWR8N,doi,10.7910,/,Harvard Dataverse,2018-07-11,s3://10.7910/DVN/XBWR8N,dataset
dataset,3185748,,DVN/ZX4HGA,https://doi.org/10.7910/DVN/ZX4HGA,doi,10.7910,/,Harvard Dataverse,2018-07-15,s3://10.7910/DVN/ZX4HGA,dataset
dataset,3196697,,DVN/M0NGKW,https://doi.org/10.7910/DVN/M0NGKW,doi,10.7910,/,Harvard Dataverse,2018-07-30,s3://10.7910/DVN/M0NGKW,dataset
dataset,3201456,,DVN/EXISK5,https://doi.org/10.7910/DVN/EXISK5,doi,10.7910,/,Harvard Dataverse,2018-12-09,s3://10.7910/DVN/EXISK5,dataset
dataset,3204721,,DVN/SISU79,https://doi.org/10.7910/DVN/SISU79,doi,10.7910,/,Harvard Dataverse,2018-08-07,s3://10.7910/DVN/SISU79,dataset
dataset,3209306,,DVN/L4XKEZ,https://doi.org/10.7910/DVN/L4XKEZ,doi,10.7910,/,Harvard Dataverse,2018-08-21,s3://10.7910/DVN/L4XKEZ,dataset
dataset,3209413,,DVN/CFEIEQ,https://doi.org/10.7910/DVN/CFEIEQ,doi,10.7910,/,Harvard Dataverse,2018-08-21,s3://10.7910/DVN/CFEIEQ,dataset
dataset,3210491,,DVN/DE0OVP,https://doi.org/10.7910/DVN/DE0OVP,doi,10.7910,/,Harvard Dataverse,2018-08-23,s3://10.7910/DVN/DE0OVP,dataset
dataset,3211843,,DVN/UBQYXT,https://doi.org/10.7910/DVN/UBQYXT,doi,10.7910,/,Harvard Dataverse,2019-04-11,s3://10.7910/DVN/UBQYXT,dataset
dataset,3212043,,DVN/6FBXGL,https://doi.org/10.7910/DVN/6FBXGL,doi,10.7910,/,Harvard Dataverse,2018-08-28,s3://10.7910/DVN/6FBXGL,dataset
dataset,3213963,,DVN/ZRUDFC,https://doi.org/10.7910/DVN/ZRUDFC,doi,10.7910,/,Harvard Dataverse,2018-09-06,s3://10.7910/DVN/ZRUDFC,dataset
dataset,3214162,,DVN/SWORPS,https://doi.org/10.7910/DVN/SWORPS,doi,10.7910,/,Harvard Dataverse,2018-10-11,s3://10.7910/DVN/SWORPS,dataset
dataset,3221187,,DVN/V8DLYR,https://doi.org/10.7910/DVN/V8DLYR,doi,10.7910,/,Harvard Dataverse,2018-09-12,s3://10.7910/DVN/V8DLYR,dataset
dataset,3227685,,DVN/YXGVBT,https://doi.org/10.7910/DVN/YXGVBT,doi,10.7910,/,Harvard Dataverse,2018-09-21,s3://10.7910/DVN/YXGVBT,dataset
dataset,3239740,,DVN/MZUOWG,https://doi.org/10.7910/DVN/MZUOWG,doi,10.7910,/,Harvard Dataverse,2018-10-22,s3://10.7910/DVN/MZUOWG,dataset
dataset,3242377,,DVN/LQQ5FE,https://doi.org/10.7910/DVN/LQQ5FE,doi,10.7910,/,Harvard Dataverse,2018-10-21,s3://10.7910/DVN/LQQ5FE,dataset
dataset,3248324,,DVN/UKOSTN,https://doi.org/10.7910/DVN/UKOSTN,doi,10.7910,/,Harvard Dataverse,2018-10-26,s3://10.7910/DVN/UKOSTN,dataset
dataset,3316416,,DVN/WKJMZY,https://doi.org/10.7910/DVN/WKJMZY,doi,10.7910,/,Harvard Dataverse,2019-01-21,s3://10.7910/DVN/WKJMZY,dataset
dataset,3316949,,DVN/FRGHVR,https://doi.org/10.7910/DVN/FRGHVR,doi,10.7910,/,Harvard Dataverse,2018-11-18,s3://10.7910/DVN/FRGHVR,dataset
dataset,3319112,,DVN/8AJYXZ,https://doi.org/10.7910/DVN/8AJYXZ,doi,10.7910,/,Harvard Dataverse,2018-11-26,s3://10.7910/DVN/8AJYXZ,dataset
dataset,3324467,,DVN/JXJ0ZS,https://doi.org/10.7910/DVN/JXJ0ZS,doi,10.7910,/,Harvard Dataverse,2019-01-16,s3://10.7910/DVN/JXJ0ZS,dataset
dataset,3329832,,DVN/UN2SMP,https://doi.org/10.7910/DVN/UN2SMP,doi,10.7910,/,Harvard Dataverse,2020-06-01,s3://10.7910/DVN/UN2SMP,dataset
dataset,3330712,,DVN/ZBZPV3,https://doi.org/10.7910/DVN/ZBZPV3,doi,10.7910,/,Harvard Dataverse,2019-01-07,s3://10.7910/DVN/ZBZPV3,dataset
dataset,3333646,,DVN/RDQZUM,https://doi.org/10.7910/DVN/RDQZUM,doi,10.7910,/,Harvard Dataverse,2018-12-23,s3://10.7910/DVN/RDQZUM,dataset
dataset,3333982,,DVN/COZN1F,https://doi.org/10.7910/DVN/COZN1F,doi,10.7910,/,Harvard Dataverse,2018-12-23,s3://10.7910/DVN/COZN1F,dataset
dataset,3333985,,DVN/CFPACR,https://doi.org/10.7910/DVN/CFPACR,doi,10.7910,/,Harvard Dataverse,2020-06-01,s3://10.7910/DVN/CFPACR,dataset
dataset,3336254,,DVN/YKDXJL,https://doi.org/10.7910/DVN/YKDXJL,doi,10.7910,/,Harvard Dataverse,2019-01-08,s3://10.7910/DVN/YKDXJL,dataset
dataset,3336521,,DVN/LH7RM3,https://doi.org/10.7910/DVN/LH7RM3,doi,10.7910,/,Harvard Dataverse,2020-06-01,s3://10.7910/DVN/LH7RM3,dataset
dataset,3336528,,DVN/VJCL6D,https://doi.org/10.7910/DVN/VJCL6D,doi,10.7910,/,Harvard Dataverse,2019-01-04,s3://10.7910/DVN/VJCL6D,dataset
dataset,3337556,,DVN/YDC4XD,https://doi.org/10.7910/DVN/YDC4XD,doi,10.7910,/,Harvard Dataverse,2019-03-21,s3://10.7910/DVN/YDC4XD,dataset
dataset,3338094,,DVN/88AACL,https://doi.org/10.7910/DVN/88AACL,doi,10.7910,/,Harvard Dataverse,2019-01-14,s3://10.7910/DVN/88AACL,dataset
dataset,3344914,,DVN/VYGJAM,https://doi.org/10.7910/DVN/VYGJAM,doi,10.7910,/,Harvard Dataverse,2019-01-15,s3://10.7910/DVN/VYGJAM,dataset
dataset,3345299,,DVN/XYYAQC,https://doi.org/10.7910/DVN/XYYAQC,doi,10.7910,/,Harvard Dataverse,2019-01-17,s3://10.7910/DVN/XYYAQC,dataset
dataset,3345346,,DVN/28HGPY,https://doi.org/10.7910/DVN/28HGPY,doi,10.7910,/,Harvard Dataverse,2020-06-01,s3://10.7910/DVN/28HGPY,dataset
dataset,3347352,,DVN/8WCOCN,https://doi.org/10.7910/DVN/8WCOCN,doi,10.7910,/,Harvard Dataverse,2019-01-25,s3://10.7910/DVN/8WCOCN,dataset
dataset,3347760,,DVN/USP7LQ,https://doi.org/10.7910/DVN/USP7LQ,doi,10.7910,/,Harvard Dataverse,2019-01-26,s3://10.7910/DVN/USP7LQ,dataset
dataset,3349918,,DVN/T89O95,https://doi.org/10.7910/DVN/T89O95,doi,10.7910,/,Harvard Dataverse,2019-02-01,s3://10.7910/DVN/T89O95,dataset
dataset,3355356,,DVN/WFRUXM,https://doi.org/10.7910/DVN/WFRUXM,doi,10.7910,/,Harvard Dataverse,2019-02-08,s3://10.7910/DVN/WFRUXM,dataset
dataset,3363580,,DVN/T4GBDS,https://doi.org/10.7910/DVN/T4GBDS,doi,10.7910,/,Harvard Dataverse,2019-02-22,s3://10.7910/DVN/T4GBDS,dataset
dataset,3370049,,DVN/59NTIL,https://doi.org/10.7910/DVN/59NTIL,doi,10.7910,/,Harvard Dataverse,2019-03-02,s3://10.7910/DVN/59NTIL,dataset
dataset,3374020,,DVN/BRJNBS,https://doi.org/10.7910/DVN/BRJNBS,doi,10.7910,/,Harvard Dataverse,2019-04-08,s3://10.7910/DVN/BRJNBS,dataset
dataset,3376571,,DVN/YXWASQ,https://doi.org/10.7910/DVN/YXWASQ,doi,10.7910,/,Harvard Dataverse,2019-03-21,s3://10.7910/DVN/YXWASQ,dataset
dataset,3377047,,DVN/R9PGXI,https://doi.org/10.7910/DVN/R9PGXI,doi,10.7910,/,Harvard Dataverse,2019-04-08,s3://10.7910/DVN/R9PGXI,dataset
dataset,3392242,,DVN/OQG8DB,https://doi.org/10.7910/DVN/OQG8DB,doi,10.7910,/,Harvard Dataverse,2020-06-01,s3://10.7910/DVN/OQG8DB,dataset
dataset,3425387,,DVN/NNXBHP,https://doi.org/10.7910/DVN/NNXBHP,doi,10.7910,/,Harvard Dataverse,2019-05-06,s3://10.7910/DVN/NNXBHP,dataset
dataset,3427302,,DVN/GZRCCJ,https://doi.org/10.7910/DVN/GZRCCJ,doi,10.7910,/,Harvard Dataverse,2019-05-12,s3://10.7910/DVN/GZRCCJ,dataset
dataset,3431893,,DVN/MPLQUI,https://doi.org/10.7910/DVN/MPLQUI,doi,10.7910,/,Harvard Dataverse,2019-05-21,s3://10.7910/DVN/MPLQUI,dataset
dataset,3436975,,DVN/GUATS6,https://doi.org/10.7910/DVN/GUATS6,doi,10.7910,/,Harvard Dataverse,2019-05-25,s3://10.7910/DVN/GUATS6,dataset
dataset,3441426,,DVN/7PAB1N,https://doi.org/10.7910/DVN/7PAB1N,doi,10.7910,/,Harvard Dataverse,2019-05-31,s3://10.7910/DVN/7PAB1N,dataset
dataset,3442643,,DVN/J33F9O,https://doi.org/10.7910/DVN/J33F9O,doi,10.7910,/,Harvard Dataverse,2019-06-12,s3://10.7910/DVN/J33F9O,dataset
dataset,3451049,,DVN/FY7SVG,https://doi.org/10.7910/DVN/FY7SVG,doi,10.7910,/,Harvard Dataverse,2019-06-14,s3://10.7910/DVN/FY7SVG,dataset
dataset,3452893,,DVN/Q7USJQ,https://doi.org/10.7910/DVN/Q7USJQ,doi,10.7910,/,Harvard Dataverse,2019-06-21,s3://10.7910/DVN/Q7USJQ,dataset
dataset,3464390,,DVN/PURXWF,https://doi.org/10.7910/DVN/PURXWF,doi,10.7910,/,Harvard Dataverse,2019-07-06,s3://10.7910/DVN/PURXWF,dataset
dataset,3475137,,DVN/CMVB4Q,https://doi.org/10.7910/DVN/CMVB4Q,doi,10.7910,/,Harvard Dataverse,2020-06-01,s3://10.7910/DVN/CMVB4Q,dataset
dataset,3493317,,DVN/BGTAGA,https://doi.org/10.7910/DVN/BGTAGA,doi,10.7910,/,Harvard Dataverse,2019-08-08,s3://10.7910/DVN/BGTAGA,dataset
dataset,3539180,,DVN/YBCZHI,https://doi.org/10.7910/DVN/YBCZHI,doi,10.7910,/,Harvard Dataverse,2019-08-17,s3://10.7910/DVN/YBCZHI,dataset
dataset,3583845,,DVN/0PVY33,https://doi.org/10.7910/DVN/0PVY33,doi,10.7910,/,Harvard Dataverse,2020-06-01,s3://10.7910/DVN/0PVY33,dataset
dataset,3588643,,DVN/SKUWAQ,https://doi.org/10.7910/DVN/SKUWAQ,doi,10.7910,/,Harvard Dataverse,2019-09-23,s3://10.7910/DVN/SKUWAQ,dataset
dataset,3589122,,DVN/RUNY3Y,https://doi.org/10.7910/DVN/RUNY3Y,doi,10.7910,/,Harvard Dataverse,2019-09-24,s3://10.7910/DVN/RUNY3Y,dataset
dataset,3596782,,DVN/HPMEVO,https://doi.org/10.7910/DVN/HPMEVO,doi,10.7910,/,Harvard Dataverse,2019-10-09,s3://10.7910/DVN/HPMEVO,dataset
dataset,3596830,,DVN/CVOTBI,https://doi.org/10.7910/DVN/CVOTBI,doi,10.7910,/,Harvard Dataverse,2019-10-04,s3://10.7910/DVN/CVOTBI,dataset
dataset,3599418,,DVN/J9IJGM,https://doi.org/10.7910/DVN/J9IJGM,doi,10.7910,/,Harvard Dataverse,2020-06-01,s3://10.7910/DVN/J9IJGM,dataset
dataset,3603736,,DVN/YN03BJ,https://doi.org/10.7910/DVN/YN03BJ,doi,10.7910,/,Harvard Dataverse,2019-10-17,s3://10.7910/DVN/YN03BJ,dataset
dataset,3605891,,DVN/MMG1F3,https://doi.org/10.7910/DVN/MMG1F3,doi,10.7910,/,Harvard Dataverse,2019-10-16,s3://10.7910/DVN/MMG1F3,dataset
dataset,3608418,,DVN/7JW4EL,https://doi.org/10.7910/DVN/7JW4EL,doi,10.7910,/,Harvard Dataverse,2019-10-18,s3://10.7910/DVN/7JW4EL,dataset
dataset,3623871,,DVN/01F70K,https://doi.org/10.7910/DVN/01F70K,doi,10.7910,/,Harvard Dataverse,2020-02-28,s3://10.7910/DVN/01F70K,dataset
dataset,3624916,,DVN/X6MMEJ,https://doi.org/10.7910/DVN/X6MMEJ,doi,10.7910,/,Harvard Dataverse,2019-11-15,s3://10.7910/DVN/X6MMEJ,dataset
dataset,3630624,,DVN/GAX8JV,https://doi.org/10.7910/DVN/GAX8JV,doi,10.7910,/,Harvard Dataverse,2019-11-22,s3://10.7910/DVN/GAX8JV,dataset
dataset,3641729,,DVN/KKUZXW,https://doi.org/10.7910/DVN/KKUZXW,doi,10.7910,/,Harvard Dataverse,2020-04-22,s3://10.7910/DVN/KKUZXW,dataset
dataset,3643678,,DVN/ZKDNHH,https://doi.org/10.7910/DVN/ZKDNHH,doi,10.7910,/,Harvard Dataverse,2020-06-01,s3://10.7910/DVN/ZKDNHH,dataset
dataset,3643928,,DVN/TRR0DK,https://doi.org/10.7910/DVN/TRR0DK,doi,10.7910,/,Harvard Dataverse,2020-01-27,s3://10.7910/DVN/TRR0DK,dataset
dataset,3651339,,DVN/Z6YXV0,https://doi.org/10.7910/DVN/Z6YXV0,doi,10.7910,/,Harvard Dataverse,2019-12-20,s3://10.7910/DVN/Z6YXV0,dataset
dataset,3653494,,DVN/TGMF6R,https://doi.org/10.7910/DVN/TGMF6R,doi,10.7910,/,Harvard Dataverse,2019-12-30,s3://10.7910/DVN/TGMF6R,dataset
dataset,3666388,,DVN/SUDLEG,https://doi.org/10.7910/DVN/SUDLEG,doi,10.7910,/,Harvard Dataverse,2020-01-22,s3://10.7910/DVN/SUDLEG,dataset
dataset,3674393,,DVN/TDDMIB,https://doi.org/10.7910/DVN/TDDMIB,doi,10.7910,/,Harvard Dataverse,2020-02-28,s3://10.7910/DVN/TDDMIB,dataset
dataset,3674955,,DVN/9GMWFE,https://doi.org/10.7910/DVN/9GMWFE,doi,10.7910,/,Harvard Dataverse,2020-02-07,s3://10.7910/DVN/9GMWFE,dataset
dataset,3725701,,DVN/GZDRRG,https://doi.org/10.7910/DVN/GZDRRG,doi,10.7910,/,Harvard Dataverse,2020-02-18,s3://10.7910/DVN/GZDRRG,dataset
dataset,3743626,,DVN/WGPDBS,https://doi.org/10.7910/DVN/WGPDBS,doi,10.7910,/,Harvard Dataverse,2020-06-01,s3://10.7910/DVN/WGPDBS,dataset
dataset,3783517,,DVN/FRBXQW,https://doi.org/10.7910/DVN/FRBXQW,doi,10.7910,/,Harvard Dataverse,2020-03-27,s3://10.7910/DVN/FRBXQW,dataset
dataset,3783645,,DVN/IONQ8V,https://doi.org/10.7910/DVN/IONQ8V,doi,10.7910,/,Harvard Dataverse,2020-06-01,s3://10.7910/DVN/IONQ8V,dataset
dataset,3788863,,DVN/X4EUKO,https://doi.org/10.7910/DVN/X4EUKO,doi,10.7910,/,Harvard Dataverse,2020-04-01,s3://10.7910/DVN/X4EUKO,dataset
dataset,3796807,,DVN/O8MLXX,https://doi.org/10.7910/DVN/O8MLXX,doi,10.7910,/,Harvard Dataverse,2020-04-07,s3://10.7910/DVN/O8MLXX,dataset
dataset,3802374,,DVN/KDGUS6,https://doi.org/10.7910/DVN/KDGUS6,doi,10.7910,/,Harvard Dataverse,2020-04-16,s3://10.7910/DVN/KDGUS6,dataset
dataset,3814432,,DVN/QWVACY,https://doi.org/10.7910/DVN/QWVACY,doi,10.7910,/,Harvard Dataverse,2020-04-25,s3://10.7910/DVN/QWVACY,dataset
dataset,3819700,,DVN/OQBWQ4,https://doi.org/10.7910/DVN/OQBWQ4,doi,10.7910,/,Harvard Dataverse,2020-04-27,s3://10.7910/DVN/OQBWQ4,dataset
dataset,3819710,,DVN/BU9XAZ,https://doi.org/10.7910/DVN/BU9XAZ,doi,10.7910,/,Harvard Dataverse,2020-04-27,s3://10.7910/DVN/BU9XAZ,dataset
dataset,3821567,,DVN/FMVTUF,https://doi.org/10.7910/DVN/FMVTUF,doi,10.7910,/,Harvard Dataverse,2020-04-30,s3://10.7910/DVN/FMVTUF,dataset
dataset,3830147,,DVN/Z66XXP,https://doi.org/10.7910/DVN/Z66XXP,doi,10.7910,/,Harvard Dataverse,2020-05-14,s3://10.7910/DVN/Z66XXP,dataset
dataset,3833933,,DVN/ZWAGXZ,https://doi.org/10.7910/DVN/ZWAGXZ,doi,10.7910,/,Harvard Dataverse,2020-05-13,s3://10.7910/DVN/ZWAGXZ,dataset
dataset,3852770,,DVN/HWWVAX,https://doi.org/10.7910/DVN/HWWVAX,doi,10.7910,/,Harvard Dataverse,2020-05-29,s3://10.7910/DVN/HWWVAX,dataset
dataset,3853335,,DVN/I2XZTY,https://doi.org/10.7910/DVN/I2XZTY,doi,10.7910,/,Harvard Dataverse,2020-06-01,s3://10.7910/DVN/I2XZTY,dataset
dataset,3854045,,DVN/LIVEUK,https://doi.org/10.7910/DVN/LIVEUK,doi,10.7910,/,Harvard Dataverse,2020-06-01,s3://10.7910/DVN/LIVEUK,dataset
dataset,3864806,,DVN/RINGFV,https://doi.org/10.7910/DVN/RINGFV,doi,10.7910,/,Harvard Dataverse,2020-06-07,s3://10.7910/DVN/RINGFV,dataset
dataset,3875283,,DVN/MHLM6J,https://doi.org/10.7910/DVN/MHLM6J,doi,10.7910,/,Harvard Dataverse,2020-06-22,s3://10.7910/DVN/MHLM6J,dataset
dataset,3891315,,DVN/EFXNLX,https://doi.org/10.7910/DVN/EFXNLX,doi,10.7910,/,Harvard Dataverse,2020-06-22,s3://10.7910/DVN/EFXNLX,dataset
dataset,3891321,,DVN/BA2WPD,https://doi.org/10.7910/DVN/BA2WPD,doi,10.7910,/,Harvard Dataverse,2020-06-22,s3://10.7910/DVN/BA2WPD,dataset
dataset,3904670,,DVN/78ZHZH,https://doi.org/10.7910/DVN/78ZHZH,doi,10.7910,/,Harvard Dataverse,2020-06-27,s3://10.7910/DVN/78ZHZH,dataset
dataset,3906773,,DVN/KVTPVX,https://doi.org/10.7910/DVN/KVTPVX,doi,10.7910,/,Harvard Dataverse,2020-06-29,s3://10.7910/DVN/KVTPVX,dataset
dataset,3910595,,DVN/OF2PIH,https://doi.org/10.7910/DVN/OF2PIH,doi,10.7910,/,Harvard Dataverse,2020-07-01,s3://10.7910/DVN/OF2PIH,dataset
dataset,3994464,,DVN/OWOZSD,https://doi.org/10.7910/DVN/OWOZSD,doi,10.7910,/,Harvard Dataverse,2020-08-03,s3://10.7910/DVN/OWOZSD,dataset
dataset,4016242,,DVN/IWLKCW,https://doi.org/10.7910/DVN/IWLKCW,doi,10.7910,/,Harvard Dataverse,2020-08-23,s3://10.7910/DVN/IWLKCW,dataset
dataset,4033826,,DVN/U0ITDX,https://doi.org/10.7910/DVN/U0ITDX,doi,10.7910,/,Harvard Dataverse,2020-08-25,s3://10.7910/DVN/U0ITDX,dataset
dataset,4034570,,DVN/3VQXIM,https://doi.org/10.7910/DVN/3VQXIM,doi,10.7910,/,Harvard Dataverse,2020-08-27,s3://10.7910/DVN/3VQXIM,dataset
dataset,4034894,,DVN/KH0JJR,https://doi.org/10.7910/DVN/KH0JJR,doi,10.7910,/,Harvard Dataverse,2020-08-27,s3://10.7910/DVN/KH0JJR,dataset
dataset,4034977,,DVN/OJQV5O,https://doi.org/10.7910/DVN/OJQV5O,doi,10.7910,/,Harvard Dataverse,2020-08-28,s3://10.7910/DVN/OJQV5O,dataset
dataset,4045487,,DVN/Q7SFJW,https://doi.org/10.7910/DVN/Q7SFJW,doi,10.7910,/,Harvard Dataverse,2020-08-29,s3://10.7910/DVN/Q7SFJW,dataset
dataset,4054983,,DVN/IRUDXK,https://doi.org/10.7910/DVN/IRUDXK,doi,10.7910,/,Harvard Dataverse,2020-09-02,s3://10.7910/DVN/IRUDXK,dataset
dataset,4081597,,DVN/IOX23B,https://doi.org/10.7910/DVN/IOX23B,doi,10.7910,/,Harvard Dataverse,2020-09-20,s3://10.7910/DVN/IOX23B,dataset
dataset,4093285,,DVN/IXOMN4,https://doi.org/10.7910/DVN/IXOMN4,doi,10.7910,/,Harvard Dataverse,2020-09-24,s3://10.7910/DVN/IXOMN4,dataset
dataset,4099983,,DVN/CTWSDT,https://doi.org/10.7910/DVN/CTWSDT,doi,10.7910,/,Harvard Dataverse,2020-10-03,s3://10.7910/DVN/CTWSDT,dataset
dataset,4158225,,DVN/RZVEJ7,https://doi.org/10.7910/DVN/RZVEJ7,doi,10.7910,/,Harvard Dataverse,2020-10-29,s3://10.7910/DVN/RZVEJ7,dataset
dataset,4160080,,DVN/9IZO5I,https://doi.org/10.7910/DVN/9IZO5I,doi,10.7910,/,Harvard Dataverse,2020-11-09,s3://10.7910/DVN/9IZO5I,dataset
dataset,4160946,,DVN/2CD3VZ,https://doi.org/10.7910/DVN/2CD3VZ,doi,10.7910,/,Harvard Dataverse,2020-10-30,s3://10.7910/DVN/2CD3VZ,dataset
dataset,4171560,,DVN/IVLUBU,https://doi.org/10.7910/DVN/IVLUBU,doi,10.7910,/,Harvard Dataverse,2020-11-12,s3://10.7910/DVN/IVLUBU,dataset
dataset,4175670,,DVN/JF3Z7V,https://doi.org/10.7910/DVN/JF3Z7V,doi,10.7910,/,Harvard Dataverse,2020-11-17,s3://10.7910/DVN/JF3Z7V,dataset
dataset,4176608,,DVN/RGZWNJ,https://doi.org/10.7910/DVN/RGZWNJ,doi,10.7910,/,Harvard Dataverse,2020-11-18,s3://10.7910/DVN/RGZWNJ,dataset
dataset,4180095,,DVN/IJIBH3,https://doi.org/10.7910/DVN/IJIBH3,doi,10.7910,/,Harvard Dataverse,2020-11-20,s3://10.7910/DVN/IJIBH3,dataset
dataset,4271475,,DVN/XJ2BDK,https://doi.org/10.7910/DVN/XJ2BDK,doi,10.7910,/,Harvard Dataverse,2020-12-21,s3://10.7910/DVN/XJ2BDK,dataset
dataset,4278980,,DVN/3DIDV7,https://doi.org/10.7910/DVN/3DIDV7,doi,10.7910,/,Harvard Dataverse,2020-12-29,s3://10.7910/DVN/3DIDV7,dataset
dataset,4285713,,DVN/0BLAWN,https://doi.org/10.7910/DVN/0BLAWN,doi,10.7910,/,Harvard Dataverse,2021-01-04,s3://10.7910/DVN/0BLAWN,dataset
dataset,4291531,,DVN/VQCGNW,https://doi.org/10.7910/DVN/VQCGNW,doi,10.7910,/,Harvard Dataverse,2021-01-09,s3://10.7910/DVN/VQCGNW,dataset
dataset,4298442,,DVN/ZRWAR0,https://doi.org/10.7910/DVN/ZRWAR0,doi,10.7910,/,Harvard Dataverse,2021-01-11,s3://10.7910/DVN/ZRWAR0,dataset
dataset,4298537,,DVN/XWLQ6P,https://doi.org/10.7910/DVN/XWLQ6P,doi,10.7910,/,Harvard Dataverse,2021-01-18,s3://10.7910/DVN/XWLQ6P,dataset
dataset,4302093,,DVN/ZEYLMH,https://doi.org/10.7910/DVN/ZEYLMH,doi,10.7910,/,Harvard Dataverse,2021-01-15,s3://10.7910/DVN/ZEYLMH,dataset
dataset,4305122,,DVN/8GWO7H,https://doi.org/10.7910/DVN/8GWO7H,doi,10.7910,/,Harvard Dataverse,2021-01-22,s3://10.7910/DVN/8GWO7H,dataset
dataset,4306079,,DVN/GJIIU3,https://doi.org/10.7910/DVN/GJIIU3,doi,10.7910,/,Harvard Dataverse,2021-01-20,s3://10.7910/DVN/GJIIU3,dataset
dataset,4308283,,DVN/8KQHYP,https://doi.org/10.7910/DVN/8KQHYP,doi,10.7910,/,Harvard Dataverse,2021-01-22,s3://10.7910/DVN/8KQHYP,dataset
dataset,4309128,,DVN/UIF9BL,https://doi.org/10.7910/DVN/UIF9BL,doi,10.7910,/,Harvard Dataverse,2021-01-22,s3://10.7910/DVN/UIF9BL,dataset
dataset,4326389,,DVN/ZNBYLT,https://doi.org/10.7910/DVN/ZNBYLT,doi,10.7910,/,Harvard Dataverse,2021-01-25,s3://10.7910/DVN/ZNBYLT,dataset
dataset,4329406,,DVN/J8TLGX,https://doi.org/10.7910/DVN/J8TLGX,doi,10.7910,/,Harvard Dataverse,2021-01-26,s3://10.7910/DVN/J8TLGX,dataset
dataset,4330789,,DVN/J62BZM,https://doi.org/10.7910/DVN/J62BZM,doi,10.7910,/,Harvard Dataverse,2021-01-28,s3://10.7910/DVN/J62BZM,dataset
dataset,4377802,,DVN/K8J8GU,https://doi.org/10.7910/DVN/K8J8GU,doi,10.7910,/,Harvard Dataverse,2021-02-11,s3://10.7910/DVN/K8J8GU,dataset
dataset,4378692,,DVN/ONMBPF,https://doi.org/10.7910/DVN/ONMBPF,doi,10.7910,/,Harvard Dataverse,2021-02-12,s3://10.7910/DVN/ONMBPF,dataset
dataset,4411250,,DVN/YCOSD2,https://doi.org/10.7910/DVN/YCOSD2,doi,10.7910,/,Harvard Dataverse,2021-02-17,s3://10.7910/DVN/YCOSD2,dataset
dataset,4443553,,DVN/DYHANZ,https://doi.org/10.7910/DVN/DYHANZ,doi,10.7910,/,Harvard Dataverse,2021-03-16,s3://10.7910/DVN/DYHANZ,dataset
dataset,4458526,,DVN/RTUBVV,https://doi.org/10.7910/DVN/RTUBVV,doi,10.7910,/,Harvard Dataverse,2021-03-15,s3://10.7910/DVN/RTUBVV,dataset
dataset,4494496,,DVN/SZNZBV,https://doi.org/10.7910/DVN/SZNZBV,doi,10.7910,/,Harvard Dataverse,2021-04-09,s3://10.7910/DVN/SZNZBV,dataset
dataset,4494619,,DVN/IB9OSK,https://doi.org/10.7910/DVN/IB9OSK,doi,10.7910,/,Harvard Dataverse,2021-04-01,s3://10.7910/DVN/IB9OSK,dataset
dataset,4551044,,DVN/5ZAFIF,https://doi.org/10.7910/DVN/5ZAFIF,doi,10.7910,/,Harvard Dataverse,2021-04-13,s3://10.7910/DVN/5ZAFIF,dataset
dataset,4554343,,DVN/LYW91V,https://doi.org/10.7910/DVN/LYW91V,doi,10.7910,/,Harvard Dataverse,2021-04-24,s3://10.7910/DVN/LYW91V,dataset
dataset,4604314,,DVN/FIHGN0,https://doi.org/10.7910/DVN/FIHGN0,doi,10.7910,/,Harvard Dataverse,2021-04-30,s3://10.7910/DVN/FIHGN0,dataset
dataset,4607385,,DVN/MPPMA7,https://doi.org/10.7910/DVN/MPPMA7,doi,10.7910,/,Harvard Dataverse,2021-05-02,s3://10.7910/DVN/MPPMA7,dataset
dataset,4621562,,DVN/LGWQB5,https://doi.org/10.7910/DVN/LGWQB5,doi,10.7910,/,Harvard Dataverse,2021-05-05,s3://10.7910/DVN/LGWQB5,dataset
dataset,4625551,,DVN/GQOAJG,https://doi.org/10.7910/DVN/GQOAJG,doi,10.7910,/,Harvard Dataverse,2021-05-07,s3://10.7910/DVN/GQOAJG,dataset
dataset,4625566,,DVN/XFCGKU,https://doi.org/10.7910/DVN/XFCGKU,doi,10.7910,/,Harvard Dataverse,2022-01-31,s3://10.7910/DVN/XFCGKU,dataset
dataset,4655525,,DVN/BVQU65,https://doi.org/10.7910/DVN/BVQU65,doi,10.7910,/,Harvard Dataverse,2021-05-17,s3://10.7910/DVN/BVQU65,dataset
dataset,4655612,,DVN/SRYVKV,https://doi.org/10.7910/DVN/SRYVKV,doi,10.7910,/,Harvard Dataverse,2021-05-18,s3://10.7910/DVN/SRYVKV,dataset
dataset,4725022,,DVN/EYE5IF,https://doi.org/10.7910/DVN/EYE5IF,doi,10.7910,/,Harvard Dataverse,2021-06-29,s3://10.7910/DVN/EYE5IF,dataset
dataset,4806044,,DVN/PG2RCO,https://doi.org/10.7910/DVN/PG2RCO,doi,10.7910,/,Harvard Dataverse,2021-06-14,s3://10.7910/DVN/PG2RCO,dataset
dataset,4824654,,DVN/VSNQPI,https://doi.org/10.7910/DVN/VSNQPI,doi,10.7910,/,Harvard Dataverse,2021-06-25,s3://10.7910/DVN/VSNQPI,dataset
dataset,4880104,,DVN/6MFGLC,https://doi.org/10.7910/DVN/6MFGLC,doi,10.7910,/,Harvard Dataverse,2021-07-07,s3://10.7910/DVN/6MFGLC,dataset
dataset,4889188,,DVN/TAZPWZ,https://doi.org/10.7910/DVN/TAZPWZ,doi,10.7910,/,Harvard Dataverse,2021-07-13,s3://10.7910/DVN/TAZPWZ,dataset
dataset,4910363,,DVN/VCWAXV,https://doi.org/10.7910/DVN/VCWAXV,doi,10.7910,/,Harvard Dataverse,2021-07-22,s3://10.7910/DVN/VCWAXV,dataset
dataset,4923393,,DVN/IEPB4B,https://doi.org/10.7910/DVN/IEPB4B,doi,10.7910,/,Harvard Dataverse,2021-07-25,s3://10.7910/DVN/IEPB4B,dataset
dataset,4934589,,DVN/MO72A2,https://doi.org/10.7910/DVN/MO72A2,doi,10.7910,/,Harvard Dataverse,2021-07-28,s3://10.7910/DVN/MO72A2,dataset
dataset,4935048,,DVN/CMFPFR,https://doi.org/10.7910/DVN/CMFPFR,doi,10.7910,/,Harvard Dataverse,2021-07-29,s3://10.7910/DVN/CMFPFR,dataset
dataset,4956730,,DVN/ESGRRS,https://doi.org/10.7910/DVN/ESGRRS,doi,10.7910,/,Harvard Dataverse,2021-08-05,s3://10.7910/DVN/ESGRRS,dataset
dataset,5014148,,DVN/YBKP8C,https://doi.org/10.7910/DVN/YBKP8C,doi,10.7910,/,Harvard Dataverse,2021-08-26,s3://10.7910/DVN/YBKP8C,dataset
dataset,5021063,,DVN/RWFPHU,https://doi.org/10.7910/DVN/RWFPHU,doi,10.7910,/,Harvard Dataverse,2021-09-08,s3://10.7910/DVN/RWFPHU,dataset
dataset,5192566,,DVN/TD6YHR,https://doi.org/10.7910/DVN/TD6YHR,doi,10.7910,/,Harvard Dataverse,2021-09-21,s3://10.7910/DVN/TD6YHR,dataset
dataset,5251470,,DVN/R57MJ4,https://doi.org/10.7910/DVN/R57MJ4,doi,10.7910,/,Harvard Dataverse,2021-10-14,s3://10.7910/DVN/R57MJ4,dataset
dataset,5256505,,DVN/N6UCR3,https://doi.org/10.7910/DVN/N6UCR3,doi,10.7910,/,Harvard Dataverse,2022-02-14,s3://10.7910/DVN/N6UCR3,dataset
dataset,5257883,,DVN/QWYXTK,https://doi.org/10.7910/DVN/QWYXTK,doi,10.7910,/,Harvard Dataverse,2021-10-22,s3://10.7910/DVN/QWYXTK,dataset
dataset,5370475,,DVN/0ZSTDM,https://doi.org/10.7910/DVN/0ZSTDM,doi,10.7910,/,Harvard Dataverse,2021-11-01,s3://10.7910/DVN/0ZSTDM,dataset
dataset,5408553,,DVN/BPNCX4,https://doi.org/10.7910/DVN/BPNCX4,doi,10.7910,/,Harvard Dataverse,2021-11-11,s3://10.7910/DVN/BPNCX4,dataset
dataset,5425817,,DVN/7IW6JF,https://doi.org/10.7910/DVN/7IW6JF,doi,10.7910,/,Harvard Dataverse,2021-11-22,s3://10.7910/DVN/7IW6JF,dataset
dataset,5431986,,DVN/7IWKOV,https://doi.org/10.7910/DVN/7IWKOV,doi,10.7910,/,Harvard Dataverse,2021-11-26,s3://10.7910/DVN/7IWKOV,dataset
dataset,5598107,,DVN/IAD3SQ,https://doi.org/10.7910/DVN/IAD3SQ,doi,10.7910,/,Harvard Dataverse,2021-12-07,s3://10.7910/DVN/IAD3SQ,dataset
dataset,5614235,,DVN/43NTUY,https://doi.org/10.7910/DVN/43NTUY,doi,10.7910,/,Harvard Dataverse,2021-12-07,s3://10.7910/DVN/43NTUY,dataset
dataset,5655743,,DVN/ZQDC1D,https://doi.org/10.7910/DVN/ZQDC1D,doi,10.7910,/,Harvard Dataverse,2021-12-17,s3://10.7910/DVN/ZQDC1D,dataset
dataset,5657004,,DVN/TY8RB9,https://doi.org/10.7910/DVN/TY8RB9,doi,10.7910,/,Harvard Dataverse,2021-12-16,s3://10.7910/DVN/TY8RB9,dataset
dataset,5658307,,DVN/GCZG82,https://doi.org/10.7910/DVN/GCZG82,doi,10.7910,/,Harvard Dataverse,2021-12-16,s3://10.7910/DVN/GCZG82,dataset
dataset,5705143,,DVN/ZXYKLX,https://doi.org/10.7910/DVN/ZXYKLX,doi,10.7910,/,Harvard Dataverse,2021-12-29,s3://10.7910/DVN/ZXYKLX,dataset
dataset,5713510,,DVN/ITWSK2,https://doi.org/10.7910/DVN/ITWSK2,doi,10.7910,/,Harvard Dataverse,2022-01-06,s3://10.7910/DVN/ITWSK2,dataset
dataset,5743941,,DVN/TA4DUW,https://doi.org/10.7910/DVN/TA4DUW,doi,10.7910,/,Harvard Dataverse,2022-01-15,s3://10.7910/DVN/TA4DUW,dataset
dataset,5804913,,DVN/POV0O0,https://doi.org/10.7910/DVN/POV0O0,doi,10.7910,/,Harvard Dataverse,2022-02-08,s3://10.7910/DVN/POV0O0,dataset
dataset,5809435,,DVN/KBX2SL,https://doi.org/10.7910/DVN/KBX2SL,doi,10.7910,/,Harvard Dataverse,2022-02-03,s3://10.7910/DVN/KBX2SL,dataset
dataset,5810378,,DVN/BEC5IZ,https://doi.org/10.7910/DVN/BEC5IZ,doi,10.7910,/,Harvard Dataverse,2022-02-03,s3://10.7910/DVN/BEC5IZ,dataset
dataset,5810548,,DVN/01BU1N,https://doi.org/10.7910/DVN/01BU1N,doi,10.7910,/,Harvard Dataverse,2022-02-04,s3://10.7910/DVN/01BU1N,dataset
dataset,5840607,,DVN/YGSMIF,https://doi.org/10.7910/DVN/YGSMIF,doi,10.7910,/,Harvard Dataverse,2022-02-06,s3://10.7910/DVN/YGSMIF,dataset
dataset,6020160,,DVN/ZWLFWO,https://doi.org/10.7910/DVN/ZWLFWO,doi,10.7910,/,Harvard Dataverse,2022-02-15,s3://10.7910/DVN/ZWLFWO,dataset
dataset,6038581,,DVN/CY4D8P,https://doi.org/10.7910/DVN/CY4D8P,doi,10.7910,/,Harvard Dataverse,2022-02-21,s3://10.7910/DVN/CY4D8P,dataset
dataset,6042679,,DVN/KKOHWP,https://doi.org/10.7910/DVN/KKOHWP,doi,10.7910,/,Harvard Dataverse,2022-02-25,s3://10.7910/DVN/KKOHWP,dataset
dataset,6049989,,DVN/IISRW5,https://doi.org/10.7910/DVN/IISRW5,doi,10.7910,/,Harvard Dataverse,2022-03-01,s3://10.7910/DVN/IISRW5,dataset
dataset,6063830,,DVN/WXOYVM,https://doi.org/10.7910/DVN/WXOYVM,doi,10.7910,/,Harvard Dataverse,2022-03-04,s3://10.7910/DVN/WXOYVM,dataset
dataset,6081639,,DVN/TBBSFI,https://doi.org/10.7910/DVN/TBBSFI,doi,10.7910,/,Harvard Dataverse,2022-03-18,s3://10.7910/DVN/TBBSFI,dataset
dataset,6153853,,DVN/S1ULGB,https://doi.org/10.7910/DVN/S1ULGB,doi,10.7910,/,Harvard Dataverse,2022-03-25,s3://10.7910/DVN/S1ULGB,dataset
dataset,6157005,,DVN/KNYOWY,https://doi.org/10.7910/DVN/KNYOWY,doi,10.7910,/,Harvard Dataverse,2022-03-31,s3://10.7910/DVN/KNYOWY,dataset
dataset,6157906,,DVN/DIIYV3,https://doi.org/10.7910/DVN/DIIYV3,doi,10.7910,/,Harvard Dataverse,2022-04-04,s3://10.7910/DVN/DIIYV3,dataset
dataset,6163153,,DVN/KLRTHN,https://doi.org/10.7910/DVN/KLRTHN,doi,10.7910,/,Harvard Dataverse,2022-04-06,s3://10.7910/DVN/KLRTHN,dataset
dataset,6166125,,DVN/QEQDDG,https://doi.org/10.7910/DVN/QEQDDG,doi,10.7910,/,Harvard Dataverse,2022-04-09,s3://10.7910/DVN/QEQDDG,dataset
dataset,6286238,,DVN/NBS63L,https://doi.org/10.7910/DVN/NBS63L,doi,10.7910,/,Harvard Dataverse,2022-05-08,s3://10.7910/DVN/NBS63L,dataset
dataset,6311036,,DVN/VHWKQP,https://doi.org/10.7910/DVN/VHWKQP,doi,10.7910,/,Harvard Dataverse,2022-06-02,s3://10.7910/DVN/VHWKQP,dataset
dataset,6312357,,DVN/R2EO73,https://doi.org/10.7910/DVN/R2EO73,doi,10.7910,/,Harvard Dataverse,2022-05-31,s3://10.7910/DVN/R2EO73,dataset
dataset,6314651,,DVN/BFOY4A,https://doi.org/10.7910/DVN/BFOY4A,doi,10.7910,/,Harvard Dataverse,2022-07-21,s3://10.7910/DVN/BFOY4A,dataset
dataset,6322371,,DVN/4KU6NI,https://doi.org/10.7910/DVN/4KU6NI,doi,10.7910,/,Harvard Dataverse,2022-06-09,s3://10.7910/DVN/4KU6NI,dataset
dataset,6334385,,DVN/MLERXI,https://doi.org/10.7910/DVN/MLERXI,doi,10.7910,/,Harvard Dataverse,2022-06-15,s3://10.7910/DVN/MLERXI,dataset
dataset,6354322,,DVN/6ECD1D,https://doi.org/10.7910/DVN/6ECD1D,doi,10.7910,/,Harvard Dataverse,2022-07-07,s3://10.7910/DVN/6ECD1D,dataset
dataset,6361628,,DVN/MMMYGJ,https://doi.org/10.7910/DVN/MMMYGJ,doi,10.7910,/,Harvard Dataverse,2022-07-04,s3://10.7910/DVN/MMMYGJ,dataset
dataset,6363272,,DVN/POZ9IL,https://doi.org/10.7910/DVN/POZ9IL,doi,10.7910,/,Harvard Dataverse,2022-07-11,s3://10.7910/DVN/POZ9IL,dataset
dataset,6372349,,DVN/O1RCGV,https://doi.org/10.7910/DVN/O1RCGV,doi,10.7910,/,Harvard Dataverse,2022-07-11,s3://10.7910/DVN/O1RCGV,dataset
dataset,6388343,,DVN/8JVXOS,https://doi.org/10.7910/DVN/8JVXOS,doi,10.7910,/,Harvard Dataverse,2022-07-20,s3://10.7910/DVN/8JVXOS,dataset
dataset,6413572,,DVN/ENUFXJ,https://doi.org/10.7910/DVN/ENUFXJ,doi,10.7910,/,Harvard Dataverse,2022-08-08,s3://10.7910/DVN/ENUFXJ,dataset
dataset,6431307,,DVN/U5GT7X,https://doi.org/10.7910/DVN/U5GT7X,doi,10.7910,/,Harvard Dataverse,2022-08-25,s3://10.7910/DVN/U5GT7X,dataset
dataset,6455271,,DVN/RX2WBG,https://doi.org/10.7910/DVN/RX2WBG,doi,10.7910,/,Harvard Dataverse,2022-09-03,s3://10.7910/DVN/RX2WBG,dataset
dataset,6457901,,DVN/VCHMLD,https://doi.org/10.7910/DVN/VCHMLD,doi,10.7910,/,Harvard Dataverse,2022-09-06,s3://10.7910/DVN/VCHMLD,dataset
dataset,6479564,,DVN/F9RDNK,https://doi.org/10.7910/DVN/F9RDNK,doi,10.7910,/,Harvard Dataverse,2022-09-10,s3://10.7910/DVN/F9RDNK,dataset
dataset,6544129,,DVN/AINILA,https://doi.org/10.7910/DVN/AINILA,doi,10.7910,/,Harvard Dataverse,2022-09-20,s3://10.7910/DVN/AINILA,dataset
dataset,6546912,,DVN/ST2ONR,https://doi.org/10.7910/DVN/ST2ONR,doi,10.7910,/,Harvard Dataverse,2022-09-26,s3://10.7910/DVN/ST2ONR,dataset
dataset,6580524,,DVN/21ARWA,https://doi.org/10.7910/DVN/21ARWA,doi,10.7910,/,Harvard Dataverse,2022-10-24,s3://10.7910/DVN/21ARWA,dataset
dataset,6646527,,DVN/IW4FP8,https://doi.org/10.7910/DVN/IW4FP8,doi,10.7910,/,Harvard Dataverse,2022-11-11,s3://10.7910/DVN/IW4FP8,dataset
dataset,6688694,,DVN/RO5BLP,https://doi.org/10.7910/DVN/RO5BLP,doi,10.7910,/,Harvard Dataverse,2022-10-30,s3://10.7910/DVN/RO5BLP,dataset
dataset,6688902,,DVN/AKKDGC,https://doi.org/10.7910/DVN/AKKDGC,doi,10.7910,/,Harvard Dataverse,2022-10-31,s3://10.7910/DVN/AKKDGC,dataset
dataset,6692799,,DVN/XI7MWK,https://doi.org/10.7910/DVN/XI7MWK,doi,10.7910,/,Harvard Dataverse,2022-12-02,s3://10.7910/DVN/XI7MWK,dataset
dataset,6709014,,DVN/E2JO5N,https://doi.org/10.7910/DVN/E2JO5N,doi,10.7910,/,Harvard Dataverse,2022-11-15,s3://10.7910/DVN/E2JO5N,dataset
dataset,6767364,,DVN/ZHUACD,https://doi.org/10.7910/DVN/ZHUACD,doi,10.7910,/,Harvard Dataverse,2022-11-28,s3://10.7910/DVN/ZHUACD,dataset
dataset,6768151,,DVN/QMVU0Z,https://doi.org/10.7910/DVN/QMVU0Z,doi,10.7910,/,Harvard Dataverse,2022-12-10,s3://10.7910/DVN/QMVU0Z,dataset
dataset,6802155,,DVN/9WTUVR,https://doi.org/10.7910/DVN/9WTUVR,doi,10.7910,/,Harvard Dataverse,2022-12-13,s3://10.7910/DVN/9WTUVR,dataset
dataset,6829981,,DVN/JQKIFP,https://doi.org/10.7910/DVN/JQKIFP,doi,10.7910,/,Harvard Dataverse,2022-12-23,s3://10.7910/DVN/JQKIFP,dataset
dataset,6882673,,DVN/0WI68H,https://doi.org/10.7910/DVN/0WI68H,doi,10.7910,/,Harvard Dataverse,2023-01-10,s3://10.7910/DVN/0WI68H,dataset
dataset,6882780,,DVN/WG1QRH,https://doi.org/10.7910/DVN/WG1QRH,doi,10.7910,/,Harvard Dataverse,2023-01-11,s3://10.7910/DVN/WG1QRH,dataset
dataset,6894543,,DVN/QR0YYC,https://doi.org/10.7910/DVN/QR0YYC,doi,10.7910,/,Harvard Dataverse,2023-01-16,s3://10.7910/DVN/QR0YYC,dataset
dataset,6903070,,DVN/NNAVTE,https://doi.org/10.7910/DVN/NNAVTE,doi,10.7910,/,Harvard Dataverse,2023-01-23,s3://10.7910/DVN/NNAVTE,dataset
dataset,6907540,,DVN/KX94FG,https://doi.org/10.7910/DVN/KX94FG,doi,10.7910,/,Harvard Dataverse,2023-01-30,s3://10.7910/DVN/KX94FG,dataset
dataset,6935171,,DVN/MPWVJ7,https://doi.org/10.7910/DVN/MPWVJ7,doi,10.7910,/,Harvard Dataverse,2023-02-14,s3://10.7910/DVN/MPWVJ7,dataset
dataset,6970748,,DVN/M4YRVC,https://doi.org/10.7910/DVN/M4YRVC,doi,10.7910,/,Harvard Dataverse,2023-03-08,s3://10.7910/DVN/M4YRVC,dataset
dataset,7101670,,DVN/CT5K2E,https://doi.org/10.7910/DVN/CT5K2E,doi,10.7910,/,Harvard Dataverse,2023-05-12,s3://10.7910/DVN/CT5K2E,dataset
dataset,7107658,,DVN/PZM6HI,https://doi.org/10.7910/DVN/PZM6HI,doi,10.7910,/,Harvard Dataverse,2023-05-19,s3://10.7910/DVN/PZM6HI,dataset
dataset,7110670,,DVN/GHQKSW,https://doi.org/10.7910/DVN/GHQKSW,doi,10.7910,/,Harvard Dataverse,2023-05-21,s3://10.7910/DVN/GHQKSW,dataset
dataset,7113776,,DVN/ZO1OAX,https://doi.org/10.7910/DVN/ZO1OAX,doi,10.7910,/,Harvard Dataverse,2023-05-25,s3://10.7910/DVN/ZO1OAX,dataset
dataset,7119390,,DVN/H7BWDJ,https://doi.org/10.7910/DVN/H7BWDJ,doi,10.7910,/,Harvard Dataverse,2023-05-25,s3://10.7910/DVN/H7BWDJ,dataset
dataset,7119632,,DVN/53K0QC,https://doi.org/10.7910/DVN/53K0QC,doi,10.7910,/,Harvard Dataverse,2023-05-24,s3://10.7910/DVN/53K0QC,dataset
dataset,7120657,,DVN/WHE2BC,https://doi.org/10.7910/DVN/WHE2BC,doi,10.7910,/,Harvard Dataverse,2023-05-29,s3://10.7910/DVN/WHE2BC,dataset
dataset,7232178,,DVN/QL0KJN,https://doi.org/10.7910/DVN/QL0KJN,doi,10.7910,/,Harvard Dataverse,2023-07-06,s3://10.7910/DVN/QL0KJN,dataset
dataset,7245765,,DVN/T6MCAG,https://doi.org/10.7910/DVN/T6MCAG,doi,10.7910,/,Harvard Dataverse,2023-08-24,s3://10.7910/DVN/T6MCAG,dataset
dataset,7273428,,DVN/UXUENA,https://doi.org/10.7910/DVN/UXUENA,doi,10.7910,/,Harvard Dataverse,2023-08-01,s3://10.7910/DVN/UXUENA,dataset
dataset,7311688,,DVN/VSNSDR,https://doi.org/10.7910/DVN/VSNSDR,doi,10.7910,/,Harvard Dataverse,2023-08-16,s3://10.7910/DVN/VSNSDR,dataset
dataset,7367282,,DVN/PSOWOV,https://doi.org/10.7910/DVN/PSOWOV,doi,10.7910,/,Harvard Dataverse,2023-09-13,s3://10.7910/DVN/PSOWOV,dataset
dataset,7458933,,DVN/E6ND6G,https://doi.org/10.7910/DVN/E6ND6G,doi,10.7910,/,Harvard Dataverse,2023-10-13,s3://10.7910/DVN/E6ND6G,dataset
dataset,7526878,,DVN/HUMCVU,https://doi.org/10.7910/DVN/HUMCVU,doi,10.7910,/,Harvard Dataverse,2023-11-06,s3://10.7910/DVN/HUMCVU,dataset
dataset,7674998,,DVN/YZSKAP,https://doi.org/10.7910/DVN/YZSKAP,doi,10.7910,/,Harvard Dataverse,2023-12-14,s3://10.7910/DVN/YZSKAP,dataset
dataset,7675648,,DVN/XG3VJU,https://doi.org/10.7910/DVN/XG3VJU,doi,10.7910,/,Harvard Dataverse,2023-12-15,s3://10.7910/DVN/XG3VJU,dataset
dataset,7677400,,DVN/SYFSLI,https://doi.org/10.7910/DVN/SYFSLI,doi,10.7910,/,Harvard Dataverse,2023-12-20,s3://10.7910/DVN/SYFSLI,dataset
dataset,7878621,,DVN/93YDQM,https://doi.org/10.7910/DVN/93YDQM,doi,10.7910,/,Harvard Dataverse,2023-12-20,s3://10.7910/DVN/93YDQM,dataset
dataset,7884593,,DVN/TM6R4J,https://doi.org/10.7910/DVN/TM6R4J,doi,10.7910,/,Harvard Dataverse,2023-12-22,s3://10.7910/DVN/TM6R4J,dataset
dataset,8090947,,DVN/N5HRDP,https://doi.org/10.7910/DVN/N5HRDP,doi,10.7910,/,Harvard Dataverse,2024-01-07,s3://10.7910/DVN/N5HRDP,dataset
dataset,8145385,,DVN/CBYWG4,https://doi.org/10.7910/DVN/CBYWG4,doi,10.7910,/,Harvard Dataverse,2024-01-31,s3://10.7910/DVN/CBYWG4,dataset
dataset,8560662,,DVN/3KNHWH,https://doi.org/10.7910/DVN/3KNHWH,doi,10.7910,/,Harvard Dataverse,2024-02-22,s3://10.7910/DVN/3KNHWH,dataset
dataset,8562024,,DVN/DESIU2,https://doi.org/10.7910/DVN/DESIU2,doi,10.7910,/,Harvard Dataverse,2024-02-22,s3://10.7910/DVN/DESIU2,dataset
dataset,8939058,,DVN/HHDJUQ,https://doi.org/10.7910/DVN/HHDJUQ,doi,10.7910,/,Harvard Dataverse,2024-03-01,s3://10.7910/DVN/HHDJUQ,dataset
dataset,8943842,,DVN/2BA5OY,https://doi.org/10.7910/DVN/2BA5OY,doi,10.7910,/,Harvard Dataverse,2024-03-04,s3://10.7910/DVN/2BA5OY,dataset
dataset,8961288,,DVN/PJQ57U,https://doi.org/10.7910/DVN/PJQ57U,doi,10.7910,/,Harvard Dataverse,2024-03-13,s3://10.7910/DVN/PJQ57U,dataset
dataset,10034129,,DVN/08QUDG,https://doi.org/10.7910/DVN/08QUDG,doi,10.7910,/,Harvard Dataverse,2024-03-31,s3://10.7910/DVN/08QUDG,dataset
dataset,10119486,,DVN/YVMPNW,https://doi.org/10.7910/DVN/YVMPNW,doi,10.7910,/,Harvard Dataverse,2024-04-16,s3://10.7910/DVN/YVMPNW,dataset
dataset,10209878,,DVN/THQBDI,https://doi.org/10.7910/DVN/THQBDI,doi,10.7910,/,Harvard Dataverse,2024-05-16,s3://10.7910/DVN/THQBDI,dataset
dataset,10210015,,DVN/2MXKOT,https://doi.org/10.7910/DVN/2MXKOT,doi,10.7910,/,Harvard Dataverse,2024-05-17,s3://10.7910/DVN/2MXKOT,dataset
dataset,10212078,,DVN/JPCNDC,https://doi.org/10.7910/DVN/JPCNDC,doi,10.7910,/,Harvard Dataverse,2024-05-21,s3://10.7910/DVN/JPCNDC,dataset
dataset,10214636,,DVN/JAVSYJ,https://doi.org/10.7910/DVN/JAVSYJ,doi,10.7910,/,Harvard Dataverse,2024-05-21,s3://10.7910/DVN/JAVSYJ,dataset
dataset,10243060,,DVN/PPBS5T,https://doi.org/10.7910/DVN/PPBS5T,doi,10.7910,/,Harvard Dataverse,2024-05-29,s3://10.7910/DVN/PPBS5T,dataset
dataset,10244632,,DVN/QVMZMC,https://doi.org/10.7910/DVN/QVMZMC,doi,10.7910,/,Harvard Dataverse,2024-05-31,s3://10.7910/DVN/QVMZMC,dataset
dataset,10245671,,DVN/IVENBD,https://doi.org/10.7910/DVN/IVENBD,doi,10.7910,/,Harvard Dataverse,2024-05-30,s3://10.7910/DVN/IVENBD,dataset
dataset,10249250,,DVN/OYTSWX,https://doi.org/10.7910/DVN/OYTSWX,doi,10.7910,/,Harvard Dataverse,2024-06-01,s3://10.7910/DVN/OYTSWX,dataset
dataset,10251877,,DVN/NUUJKQ,https://doi.org/10.7910/DVN/NUUJKQ,doi,10.7910,/,Harvard Dataverse,2024-06-01,s3://10.7910/DVN/NUUJKQ,dataset
dataset,10255271,,DVN/XOWWHF,https://doi.org/10.7910/DVN/XOWWHF,doi,10.7910,/,Harvard Dataverse,2024-06-07,s3://10.7910/DVN/XOWWHF,dataset
dataset,10259014,,DVN/PGSVJP,https://doi.org/10.7910/DVN/PGSVJP,doi,10.7910,/,Harvard Dataverse,2024-06-06,s3://10.7910/DVN/PGSVJP,dataset
dataset,10269798,,DVN/UVVSIR,https://doi.org/10.7910/DVN/UVVSIR,doi,10.7910,/,Harvard Dataverse,2024-06-12,s3://10.7910/DVN/UVVSIR,dataset
dataset,10277130,,DVN/HZ0JZT,https://doi.org/10.7910/DVN/HZ0JZT,doi,10.7910,/,Harvard Dataverse,2024-06-17,s3://10.7910/DVN/HZ0JZT,dataset
dataset,10327570,,DVN/MLMGQL,https://doi.org/10.7910/DVN/MLMGQL,doi,10.7910,/,Harvard Dataverse,2024-06-27,s3://10.7910/DVN/MLMGQL,dataset
dataset,10341446,,DVN/WCJWVF,https://doi.org/10.7910/DVN/WCJWVF,doi,10.7910,/,Harvard Dataverse,2024-06-28,s3://10.7910/DVN/WCJWVF,dataset
dataset,10360992,,DVN/V3XVUR,https://doi.org/10.7910/DVN/V3XVUR,doi,10.7910,/,Harvard Dataverse,2024-07-02,s3://10.7910/DVN/V3XVUR,dataset
dataset,10368609,,DVN/PUYD5U,https://doi.org/10.7910/DVN/PUYD5U,doi,10.7910,/,Harvard Dataverse,2024-07-10,s3://10.7910/DVN/PUYD5U,dataset
dataset,10371393,,DVN/C40CHP,https://doi.org/10.7910/DVN/C40CHP,doi,10.7910,/,Harvard Dataverse,2024-07-11,s3://10.7910/DVN/C40CHP,dataset
dataset,10386550,,DVN/H8RIBF,https://doi.org/10.7910/DVN/H8RIBF,doi,10.7910,/,Harvard Dataverse,2024-07-15,s3://10.7910/DVN/H8RIBF,dataset
dataset,10393070,,DVN/D5YYHO,https://doi.org/10.7910/DVN/D5YYHO,doi,10.7910,/,Harvard Dataverse,2024-07-18,s3://10.7910/DVN/D5YYHO,dataset
dataset,10403736,,DVN/NCZKCH,https://doi.org/10.7910/DVN/NCZKCH,doi,10.7910,/,Harvard Dataverse,2024-07-24,s3://10.7910/DVN/NCZKCH,dataset
dataset,10403834,,DVN/QP50GA,https://doi.org/10.7910/DVN/QP50GA,doi,10.7910,/,Harvard Dataverse,2024-07-24,s3://10.7910/DVN/QP50GA,dataset
dataset,10431848,,DVN/EBSUNP,https://doi.org/10.7910/DVN/EBSUNP,doi,10.7910,/,Harvard Dataverse,2024-08-10,s3://10.7910/DVN/EBSUNP,dataset
dataset,10437267,,DVN/GWOSUS,https://doi.org/10.7910/DVN/GWOSUS,doi,10.7910,/,Harvard Dataverse,2024-11-05,s3://10.7910/DVN/GWOSUS,dataset
dataset,10451954,,DVN/1TYGV6,https://doi.org/10.7910/DVN/1TYGV6,doi,10.7910,/,Harvard Dataverse,2024-08-15,s3://10.7910/DVN/1TYGV6,dataset
dataset,10454193,,DVN/BNUUIL,https://doi.org/10.7910/DVN/BNUUIL,doi,10.7910,/,Harvard Dataverse,2024-10-09,s3://10.7910/DVN/BNUUIL,dataset
dataset,10481901,,DVN/GC32BJ,https://doi.org/10.7910/DVN/GC32BJ,doi,10.7910,/,Harvard Dataverse,2024-08-28,s3://10.7910/DVN/GC32BJ,dataset
dataset,10491567,,DVN/DONUS3,https://doi.org/10.7910/DVN/DONUS3,doi,10.7910,/,Harvard Dataverse,2024-09-03,s3://10.7910/DVN/DONUS3,dataset
dataset,10547959,,DVN/WEJEGG,https://doi.org/10.7910/DVN/WEJEGG,doi,10.7910,/,Harvard Dataverse,2024-09-24,s3://10.7910/DVN/WEJEGG,dataset
dataset,10550270,,DVN/QUVPD7,https://doi.org/10.7910/DVN/QUVPD7,doi,10.7910,/,Harvard Dataverse,2024-09-23,s3://10.7910/DVN/QUVPD7,dataset
dataset,10550994,,DVN/PAQ3NG,https://doi.org/10.7910/DVN/PAQ3NG,doi,10.7910,/,Harvard Dataverse,2024-09-25,s3://10.7910/DVN/PAQ3NG,dataset
dataset,10553732,,DVN/JKGPB7,https://doi.org/10.7910/DVN/JKGPB7,doi,10.7910,/,Harvard Dataverse,2024-09-28,s3://10.7910/DVN/JKGPB7,dataset
dataset,10559054,,DVN/6GS8QM,https://doi.org/10.7910/DVN/6GS8QM,doi,10.7910,/,Harvard Dataverse,2024-10-07,s3://10.7910/DVN/6GS8QM,dataset
dataset,10561918,,DVN/AIJVJB,https://doi.org/10.7910/DVN/AIJVJB,doi,10.7910,/,Harvard Dataverse,2024-09-30,s3://10.7910/DVN/AIJVJB,dataset
dataset,10592605,,DVN/ITK6ZS,https://doi.org/10.7910/DVN/ITK6ZS,doi,10.7910,/,Harvard Dataverse,2024-11-05,s3://10.7910/DVN/ITK6ZS,dataset
dataset,10596318,,DVN/ZDFX1V,https://doi.org/10.7910/DVN/ZDFX1V,doi,10.7910,/,Harvard Dataverse,2024-10-14,s3://10.7910/DVN/ZDFX1V,dataset
dataset,10624177,,DVN/9LVUQI,https://doi.org/10.7910/DVN/9LVUQI,doi,10.7910,/,Harvard Dataverse,2024-10-17,s3://10.7910/DVN/9LVUQI,dataset
dataset,10714350,,DVN/YOZ8UC,https://doi.org/10.7910/DVN/YOZ8UC,doi,10.7910,/,Harvard Dataverse,2024-11-19,s3://10.7910/DVN/YOZ8UC,dataset
dataset,10729972,,DVN/DZIHSB,https://doi.org/10.7910/DVN/DZIHSB,doi,10.7910,/,Harvard Dataverse,2025-01-12,s3://10.7910/DVN/DZIHSB,dataset
dataset,10761954,,DVN/APUZYP,https://doi.org/10.7910/DVN/APUZYP,doi,10.7910,/,Harvard Dataverse,2024-12-09,s3://10.7910/DVN/APUZYP,dataset
dataset,10778147,,DVN/XDEURU,https://doi.org/10.7910/DVN/XDEURU,doi,10.7910,/,Harvard Dataverse,2025-02-04,s3://10.7910/DVN/XDEURU,dataset
dataset,10802744,,DVN/ZESNEL,https://doi.org/10.7910/DVN/ZESNEL,doi,10.7910,/,Harvard Dataverse,2025-01-06,s3://10.7910/DVN/ZESNEL,dataset
dataset,10807203,,DVN/PI0XYU,https://doi.org/10.7910/DVN/PI0XYU,doi,10.7910,/,Harvard Dataverse,2025-01-09,s3://10.7910/DVN/PI0XYU,dataset
dataset,10809777,,DVN/1FVL19,https://doi.org/10.7910/DVN/1FVL19,doi,10.7910,/,Harvard Dataverse,2025-01-08,s3://10.7910/DVN/1FVL19,dataset
dataset,10809947,,DVN/AVTED4,https://doi.org/10.7910/DVN/AVTED4,doi,10.7910,/,Harvard Dataverse,2025-01-09,s3://10.7910/DVN/AVTED4,dataset
dataset,10814402,,DVN/X9R8FI,https://doi.org/10.7910/DVN/X9R8FI,doi,10.7910,/,Harvard Dataverse,2025-01-09,s3://10.7910/DVN/X9R8FI,dataset
dataset,10814957,,DVN/SWWNOF,https://doi.org/10.7910/DVN/SWWNOF,doi,10.7910,/,Harvard Dataverse,2025-01-10,s3://10.7910/DVN/SWWNOF,dataset
dataset,10821373,,DVN/KF8L4L,https://doi.org/10.7910/DVN/KF8L4L,doi,10.7910,/,Harvard Dataverse,2025-01-16,s3://10.7910/DVN/KF8L4L,dataset
dataset,10821791,,DVN/2VGIIW,https://doi.org/10.7910/DVN/2VGIIW,doi,10.7910,/,Harvard Dataverse,2025-01-30,s3://10.7910/DVN/2VGIIW,dataset
dataset,10828314,,DVN/SYVZLI,https://doi.org/10.7910/DVN/SYVZLI,doi,10.7910,/,Harvard Dataverse,2025-01-16,s3://10.7910/DVN/SYVZLI,dataset
dataset,10851847,,DVN/2RJWYU,https://doi.org/10.7910/DVN/2RJWYU,doi,10.7910,/,Harvard Dataverse,2025-02-03,s3://10.7910/DVN/2RJWYU,dataset
dataset,10883604,,DVN/5MRQDN,https://doi.org/10.7910/DVN/5MRQDN,doi,10.7910,/,Harvard Dataverse,2025-02-12,s3://10.7910/DVN/5MRQDN,dataset
dataset,10886659,,DVN/KUBN9M,https://doi.org/10.7910/DVN/KUBN9M,doi,10.7910,/,Harvard Dataverse,2025-02-14,s3://10.7910/DVN/KUBN9M,dataset
dataset,10903624,,DVN/W68V9S,https://doi.org/10.7910/DVN/W68V9S,doi,10.7910,/,Harvard Dataverse,2025-02-26,s3://10.7910/DVN/W68V9S,dataset
dataset,10923447,,DVN/MJIF4M,https://doi.org/10.7910/DVN/MJIF4M,doi,10.7910,/,Harvard Dataverse,2025-03-04,s3://10.7910/DVN/MJIF4M,dataset
dataset,10981629,,DVN/BRPGM2,https://doi.org/10.7910/DVN/BRPGM2,doi,10.7910,/,Harvard Dataverse,2025-03-11,s3://10.7910/DVN/BRPGM2,dataset
dataset,10989973,,DVN/R3OZ1X,https://doi.org/10.7910/DVN/R3OZ1X,doi,10.7910,/,Harvard Dataverse,2025-03-18,s3://10.7910/DVN/R3OZ1X,dataset
dataset,11002271,,DVN/WXT2TV,https://doi.org/10.7910/DVN/WXT2TV,doi,10.7910,/,Harvard Dataverse,2025-03-25,s3://10.7910/DVN/WXT2TV,dataset
dataset,11037869,,DVN/RPCESJ,https://doi.org/10.7910/DVN/RPCESJ,doi,10.7910,/,Harvard Dataverse,2025-04-10,s3://10.7910/DVN/RPCESJ,dataset
dataset,11058250,,DVN/TT9NYX,https://doi.org/10.7910/DVN/TT9NYX,doi,10.7910,/,Harvard Dataverse,2025-04-21,s3://10.7910/DVN/TT9NYX,dataset
dataset,11058380,,DVN/WUHTFE,https://doi.org/10.7910/DVN/WUHTFE,doi,10.7910,/,Harvard Dataverse,2025-04-08,s3://10.7910/DVN/WUHTFE,dataset
dataset,11106226,,DVN/IY8EML,https://doi.org/10.7910/DVN/IY8EML,doi,10.7910,/,Harvard Dataverse,2025-04-21,s3://10.7910/DVN/IY8EML,dataset
dataset,11143131,,DVN/AXPOZS,https://doi.org/10.7910/DVN/AXPOZS,doi,10.7910,/,Harvard Dataverse,2025-05-02,s3://10.7910/DVN/AXPOZS,dataset
dataset,11165771,,DVN/PQDGER,https://doi.org/10.7910/DVN/PQDGER,doi,10.7910,/,Harvard Dataverse,2025-05-04,s3://10.7910/DVN/PQDGER,dataset
dataset,11206373,,DVN/N150HF,https://doi.org/10.7910/DVN/N150HF,doi,10.7910,/,Harvard Dataverse,2025-05-08,s3://10.7910/DVN/N150HF,dataset
dataset,11353143,,DVN/K2NMYK,https://doi.org/10.7910/DVN/K2NMYK,doi,10.7910,/,Harvard Dataverse,2025-05-14,s3://10.7910/DVN/K2NMYK,dataset
dataset,11512882,,DVN/AVREKZ,https://doi.org/10.7910/DVN/AVREKZ,doi,10.7910,/,Harvard Dataverse,2025-05-16,s3://10.7910/DVN/AVREKZ,dataset
dataset,11543047,,DVN/6KNPFQ,https://doi.org/10.7910/DVN/6KNPFQ,doi,10.7910,/,Harvard Dataverse,2025-06-06,s3://10.7910/DVN/6KNPFQ,dataset
dataset,11555238,,DVN/IESPLB,https://doi.org/10.7910/DVN/IESPLB,doi,10.7910,/,Harvard Dataverse,2025-05-22,s3://10.7910/DVN/IESPLB,dataset
dataset,11564371,,DVN/Q1TCV0,https://doi.org/10.7910/DVN/Q1TCV0,doi,10.7910,/,Harvard Dataverse,2025-05-24,s3://10.7910/DVN/Q1TCV0,dataset
dataset,11576915,,DVN/TQCAU0,https://doi.org/10.7910/DVN/TQCAU0,doi,10.7910,/,Harvard Dataverse,2025-05-29,s3://10.7910/DVN/TQCAU0,dataset
dataset,11599945,,DVN/FSZ7V6,https://doi.org/10.7910/DVN/FSZ7V6,doi,10.7910,/,Harvard Dataverse,2025-06-07,s3://10.7910/DVN/FSZ7V6,dataset
dataset,11612120,,DVN/0PJ8XC,https://doi.org/10.7910/DVN/0PJ8XC,doi,10.7910,/,Harvard Dataverse,2025-06-10,s3://10.7910/DVN/0PJ8XC,dataset
dataset,11613496,,DVN/WLWSIJ,https://doi.org/10.7910/DVN/WLWSIJ,doi,10.7910,/,Harvard Dataverse,2025-06-10,s3://10.7910/DVN/WLWSIJ,dataset
dataset,11632361,,DVN/S1SF0O,https://doi.org/10.7910/DVN/S1SF0O,doi,10.7910,/,Harvard Dataverse,2025-06-12,s3://10.7910/DVN/S1SF0O,dataset
dataset,11660933,,DVN/3BCD6V,https://doi.org/10.7910/DVN/3BCD6V,doi,10.7910,/,Harvard Dataverse,2025-06-19,s3://10.7910/DVN/3BCD6V,dataset
dataset,11681387,,DVN/H0WDKI,https://doi.org/10.7910/DVN/H0WDKI,doi,10.7910,/,Harvard Dataverse,2025-06-30,s3://10.7910/DVN/H0WDKI,dataset
dataset,11697011,,DVN/8F3CHC,https://doi.org/10.7910/DVN/8F3CHC,doi,10.7910,/,Harvard Dataverse,2025-07-03,s3://10.7910/DVN/8F3CHC,dataset
dataset,11700586,,DVN/RCILJF,https://doi.org/10.7910/DVN/RCILJF,doi,10.7910,/,Harvard Dataverse,2025-07-10,s3://10.7910/DVN/RCILJF,dataset
dataset,11788048,,DVN/KMWN9M,https://doi.org/10.7910/DVN/KMWN9M,doi,10.7910,/,Harvard Dataverse,2025-07-17,s3://10.7910/DVN/KMWN9M,dataset
dataset,11812321,,DVN/B4K37T,https://doi.org/10.7910/DVN/B4K37T,doi,10.7910,/,Harvard Dataverse,2025-07-24,s3://10.7910/DVN/B4K37T,dataset
dataset,11827978,,DVN/JKACXE,https://doi.org/10.7910/DVN/JKACXE,doi,10.7910,/,Harvard Dataverse,2025-07-28,s3://10.7910/DVN/JKACXE,dataset
dataset,11837039,,DVN/2X2WPK,https://doi.org/10.7910/DVN/2X2WPK,doi,10.7910,/,Harvard Dataverse,2025-08-05,s3://10.7910/DVN/2X2WPK,dataset
dataset,11848554,,DVN/AVWWXV,https://doi.org/10.7910/DVN/AVWWXV,doi,10.7910,/,Harvard Dataverse,2025-08-19,s3://10.7910/DVN/AVWWXV,dataset
dataset,11864704,,DVN/CFPFU7,https://doi.org/10.7910/DVN/CFPFU7,doi,10.7910,/,Harvard Dataverse,2025-08-07,s3://10.7910/DVN/CFPFU7,dataset
dataset,11981306,,DVN/XSOTDJ,https://doi.org/10.7910/DVN/XSOTDJ,doi,10.7910,/,Harvard Dataverse,2025-08-21,s3://10.7910/DVN/XSOTDJ,dataset
dataset,12015320,,DVN/OJQAW8,https://doi.org/10.7910/DVN/OJQAW8,doi,10.7910,/,Harvard Dataverse,2025-08-28,s3://10.7910/DVN/OJQAW8,dataset
dataset,12015726,,DVN/8ODIRK,https://doi.org/10.7910/DVN/8ODIRK,doi,10.7910,/,Harvard Dataverse,2025-10-13,s3://10.7910/DVN/8ODIRK,dataset
dataset,12095539,,DVN/4ETFPS,https://doi.org/10.7910/DVN/4ETFPS,doi,10.7910,/,Harvard Dataverse,2025-09-30,s3://10.7910/DVN/4ETFPS,dataset
dataset,12109351,,DVN/TPY3PM,https://doi.org/10.7910/DVN/TPY3PM,doi,10.7910,/,Harvard Dataverse,2025-09-27,s3://10.7910/DVN/TPY3PM,dataset
dataset,12116789,,DVN/3ZQ89F,https://doi.org/10.7910/DVN/3ZQ89F,doi,10.7910,/,Harvard Dataverse,2025-10-06,s3://10.7910/DVN/3ZQ89F,dataset
dataset,12117266,,DVN/CJDJMJ,https://doi.org/10.7910/DVN/CJDJMJ,doi,10.7910,/,Harvard Dataverse,2025-10-01,s3://10.7910/DVN/CJDJMJ,dataset
dataset,12125986,,DVN/04COVT,https://doi.org/10.7910/DVN/04COVT,doi,10.7910,/,Harvard Dataverse,2025-10-01,s3://10.7910/DVN/04COVT,dataset
dataset,12127311,,DVN/AZ8KQQ,https://doi.org/10.7910/DVN/AZ8KQQ,doi,10.7910,/,Harvard Dataverse,2025-10-02,s3://10.7910/DVN/AZ8KQQ,dataset
dataset,12517356,,DVN/JKFJDH,https://doi.org/10.7910/DVN/JKFJDH,doi,10.7910,/,Harvard Dataverse,2025-12-01,s3://10.7910/DVN/JKFJDH,dataset
dataset,12547451,,DVN/WWKXEU,https://doi.org/10.7910/DVN/WWKXEU,doi,10.7910,/,Harvard Dataverse,2025-10-20,s3://10.7910/DVN/WWKXEU,dataset
dataset,12554400,,DVN/TJBZ7N,https://doi.org/10.7910/DVN/TJBZ7N,doi,10.7910,/,Harvard Dataverse,2025-10-21,s3://10.7910/DVN/TJBZ7N,dataset
dataset,12727767,,DVN/Q88QRI,https://doi.org/10.7910/DVN/Q88QRI,doi,10.7910,/,Harvard Dataverse,2025-10-23,s3://10.7910/DVN/Q88QRI,dataset
dataset,13097342,,DVN/ZYCWIN,https://doi.org/10.7910/DVN/ZYCWIN,doi,10.7910,/,Harvard Dataverse,2025-10-29,s3://10.7910/DVN/ZYCWIN,dataset
dataset,13098055,,DVN/J3WJMB,https://doi.org/10.7910/DVN/J3WJMB,doi,10.7910,/,Harvard Dataverse,2025-10-29,s3://10.7910/DVN/J3WJMB,dataset
dataset,13130409,,DVN/57CGX5,https://doi.org/10.7910/DVN/57CGX5,doi,10.7910,/,Harvard Dataverse,2025-11-07,s3://10.7910/DVN/57CGX5,dataset
dataset,13185001,,DVN/DZV05T,https://doi.org/10.7910/DVN/DZV05T,doi,10.7910,/,Harvard Dataverse,2025-11-26,s3://10.7910/DVN/DZV05T,dataset
dataset,13186737,,DVN/7MJOO0,https://doi.org/10.7910/DVN/7MJOO0,doi,10.7910,/,Harvard Dataverse,2025-12-01,s3://10.7910/DVN/7MJOO0,dataset
dataset,13191209,,DVN/OPGXR0,https://doi.org/10.7910/DVN/OPGXR0,doi,10.7910,/,Harvard Dataverse,2025-12-03,s3://10.7910/DVN/OPGXR0,dataset
dataset,13198113,,DVN/ZHMLKW,https://doi.org/10.7910/DVN/ZHMLKW,doi,10.7910,/,Harvard Dataverse,2025-12-01,s3://10.7910/DVN/ZHMLKW,dataset
dataset,13225186,,DVN/ETYV7G,https://doi.org/10.7910/DVN/ETYV7G,doi,10.7910,/,Harvard Dataverse,2025-12-10,s3://10.7910/DVN/ETYV7G,dataset
dataset,13251079,,DVN/RYHYCI,https://doi.org/10.7910/DVN/RYHYCI,doi,10.7910,/,Harvard Dataverse,2025-12-16,s3://10.7910/DVN/RYHYCI,dataset
dataset,13257065,,DVN/VXAACE,https://doi.org/10.7910/DVN/VXAACE,doi,10.7910,/,Harvard Dataverse,2025-12-18,s3://10.7910/DVN/VXAACE,dataset
dataset,13300861,,DVN/5LF2EU,https://doi.org/10.7910/DVN/5LF2EU,doi,10.7910,/,Harvard Dataverse,2025-12-31,s3://10.7910/DVN/5LF2EU,dataset
